user_id,kyc_status,country,created_at
63cdeba9-2f87-4ebc-be4d-4c96a5d92b91,pending,PE,2025-08-13T23:36:34
126fd3db-8384-485e-b0ce-368a5b8589bf,failed,SE,2025-03-14T09:17:22
a072b477-2d10-4d93-b0da-c28deb3870e7,verified,NE,2024-04-30T17:51:56
3d3c2b31-df2d-4ef6-8444-cb40da011b4f,failed,CY,2024-11-18T01:01:50
b0308079-6891-43e2-8363-81ef193281b9,failed,SZ,2025-01-24T08:14:13
c8be2d2b-ac90-4d57-bf1a-2ac06960bcbd,failed,CL,2024-04-17T05:03:54
ef8202b4-451f-488c-b74a-f66061441d01,failed,LB,2026-03-26T23:43:30
79644c61-856a-4574-9044-291a9832926a,failed,JM,2025-11-24T14:26:35
b8d59f07-c54b-4ac5-a13b-7d9a14cf7b47,failed,LY,2024-07-07T05:39:03
e4d1d92b-f68b-45f6-ae69-c1ba54fc9cd6,pending,FR,2025-04-17T15:55:03
673bead8-c7ea-457a-ab93-987f4fb9ec56,failed,TV,2024-10-20T23:38:00
b1df091e-09f3-4565-a433-344a440f3645,verified,AT,2024-06-19T12:32:55
db561daa-9f05-46cd-b31e-336c65654b95,pending,MG,2025-06-08T16:46:02
d3c04d63-3eb0-476b-af6e-cf9df5cb208f,failed,GD,2024-10-19T06:29:43
2756c5e9-ba5c-438b-909c-17b130a056bf,pending,HT,2024-12-12T00:21:30
5d9607d6-c6f3-466b-8712-d08a0e198e30,pending,NR,2024-05-06T23:56:12
e92fc2c7-8c71-4994-86d0-262ca376c2e2,failed,VE,2024-06-16T06:33:13
bbb55adc-18a6-4c9f-9a86-f478613100ae,verified,OM,2025-11-10T05:01:26
d32dace4-9b78-4980-9575-76695a845686,verified,PK,2026-03-22T16:43:02
34b9840e-7fef-45ea-beb7-dbedc63290b4,pending,CO,2024-10-13T00:25:45
5a22cf04-0367-4872-a15d-f1940a578b1a,failed,BJ,2024-08-25T00:20:54
db0d0791-c6bf-406d-a5b6-482490ad3cd8,verified,GA,2024-08-19T19:44:39
f567bf0d-762e-44a7-bb2d-38c137e0419a,failed,KM,2024-08-31T23:35:47
c9051d45-35ed-4cb1-8b63-2fc84204fa76,pending,TG,2025-06-22T03:30:56
f53a2f3c-876e-4ea4-a2cd-e1486d09d9ae,verified,PE,2024-05-08T08:35:14
7ff179f3-ebb2-4282-b6f7-08f077c8f21f,verified,DO,2025-01-03T18:19:04
967f4a20-e326-487f-a672-71dcbae3611e,failed,JM,2024-09-21T01:07:27
e4768f06-b9ec-4f63-aba6-6ca344913507,pending,PW,2024-06-22T14:08:06
767b8c9f-6568-4db6-9101-ce84e8687667,verified,GY,2025-10-10T20:06:30
9b89bcb5-fe6a-4a53-a2f3-5d3627d2d041,pending,SZ,2025-08-21T00:27:59
076765bd-10b0-4db3-a5b4-8b1388c9c9df,failed,BI,2024-10-17T13:27:14
38c2e15c-7fb5-4cc7-aa27-5af5be79eff3,verified,BR,2025-07-07T13:50:24
8b83adc0-9a17-41e1-af60-0d67f0f58883,failed,BF,2024-09-01T04:13:21
543dac9a-f81e-428d-b92e-d38008f891c5,failed,BS,2026-01-09T14:52:27
0a536abe-9e9c-473c-bce6-669df89692c5,failed,CV,2024-09-11T18:07:41
2b2c1a0e-aec4-488d-ae1e-d5efa17def4e,verified,AD,2025-02-26T23:24:12
b2399cbb-43c1-4ea5-9963-6bc9face965c,pending,PH,2025-08-09T02:45:58
ffa80190-a0ff-4107-9bab-b0fa74384b03,verified,SK,2025-01-04T15:02:57
f33d7df6-e02d-4b9f-a696-89b1d529a3de,pending,SA,2024-05-08T17:13:42
d2b886bd-c373-473e-b9a8-da04d6b776d0,failed,GN,2024-12-03T09:15:49
34442f07-6906-433c-b4ca-2583bedb94bb,pending,PS,2024-04-16T11:37:26
fa972f39-4c04-496b-9c80-7a43d045520e,failed,RS,2024-07-28T09:23:50
e5465b08-7ead-41c5-9245-d05e17bc9bf6,verified,TM,2025-12-18T15:56:22
9a188d21-49c6-4520-bd0f-a7ef87a7ead0,verified,IQ,2024-11-28T09:19:52
ca7b4013-e3e1-4560-8f5c-53ecd968100c,pending,PA,2025-11-11T07:30:06
15ad63a5-1ea0-4344-9528-d4bff0d7a5dc,failed,SO,2025-02-23T18:25:15
1d27875c-6ca4-4350-bdc6-a7a841bc422c,pending,ME,2025-10-07T19:23:45
254e49af-aa9f-4e9c-a34e-41cc7f74118c,verified,CG,2025-03-16T11:32:40
9cef89e4-a028-4884-882c-0362c1aad3ea,verified,NR,2026-02-14T23:59:04
7125ed5d-1f46-49c9-b54c-17e50af17fa3,verified,GY,2024-07-17T11:02:33
4d97c550-aa85-40c6-a8a5-0e14ebb47b74,verified,FM,2024-11-14T20:11:18
85eaae2c-9467-47ae-ad2d-2d00baf6733d,pending,GH,2025-03-14T21:58:52
e9ddce40-c433-46b0-a99f-99dfa693487c,pending,US,2025-06-05T02:09:26
d7fbf109-b179-4cd4-991f-2012b74adf9e,verified,BH,2026-03-22T06:32:11
35187cd3-73ea-4524-b44c-8e59557d0894,pending,DE,2025-12-02T10:50:51
943c27a2-a67f-4c86-8165-756ed83d4bda,verified,CR,2024-11-08T10:36:14
433a589a-8869-4a86-96b6-4cf528099f05,failed,TR,2025-09-20T17:08:30
98c550f5-7d89-42cb-8d90-4b25dd161a04,pending,KM,2025-09-11T09:00:51
67e8fb06-c369-4f78-9f4b-23ced4c1886d,failed,VU,2024-11-26T00:38:12
ad88f945-442d-43ba-9c11-0519eb247a6b,verified,RO,2024-10-19T09:52:34
a872f156-9437-4143-b614-b801f03a35fb,pending,PS,2025-01-16T02:27:47
f3ec2759-afa6-4f6e-96df-ae4e13e40948,verified,IL,2024-12-26T14:23:24
dbec0220-c8b7-4b7d-a78c-cc62d1287044,pending,DO,2025-02-07T03:19:53
265e52e1-29fa-4fbd-9d0f-ba821c43f70e,pending,MX,2025-11-10T04:19:11
897820cd-fab8-4396-8c38-cf691ad5511a,pending,KN,2025-01-23T04:28:06
6d6a5cd3-9b88-4938-a6b2-78588552ffb9,failed,TL,2024-07-28T16:24:14
54ce127b-4d36-45a0-a945-0f1a2943c61e,pending,TH,2025-02-14T03:21:33
f30450b8-1ccf-4730-934d-9f9d1aa8d414,pending,BG,2025-05-21T03:06:08
075ed794-5879-4e54-a381-0f2741b02318,failed,BA,2025-03-20T21:12:16
2964ba35-24df-49b8-ae85-754ec18dc1c8,failed,FR,2024-09-06T11:46:03
af45503e-d9d1-4905-acf1-969f0800f9d3,verified,CM,2024-05-14T06:40:34
94ec3485-108f-4607-b73d-973bf3026fcd,verified,BN,2025-05-07T14:12:59
31188bda-474d-49fe-8aa1-011c59f6206a,verified,CD,2026-02-10T04:25:00
4ee5f2e4-12b6-4066-85a9-e128f401c289,verified,PL,2025-01-02T14:02:26
0cbfa883-edd8-4ae4-b277-6b863bb62791,verified,MX,2025-04-07T02:55:48
b182fbaa-c4a1-488e-a2fe-ea5d9ea51da2,failed,KW,2025-12-17T03:09:26
e220c19d-d785-4253-89cf-8c829d90d3fc,pending,UG,2025-02-08T06:35:44
c9c57037-0546-4552-bac1-5002c006d676,failed,UY,2025-05-08T09:07:26
b6287e5c-302f-40ac-915d-f814f02caf04,verified,SN,2024-09-14T21:36:11
4819cd90-9adb-488c-a366-09980d6d687e,verified,AG,2025-05-10T10:45:40
f7d47436-46c5-4185-beeb-bca44e569c43,failed,BJ,2024-07-10T07:45:56
473203b7-f17e-487d-8e1e-040b73788d39,failed,KZ,2025-11-02T13:17:12
10f246ea-97ce-4ed5-aee2-eab9e6943fb7,verified,LA,2024-06-20T04:53:51
1bfddcdf-5a22-4ee2-b6d3-b6f7a15bd786,pending,TR,2025-11-08T22:45:19
1d532c17-11f8-4cae-bd19-c2d5dffce5d9,pending,NP,2025-09-03T06:45:28
08e85002-3c08-492f-856c-f1735444ed89,failed,AR,2024-06-01T09:51:36
958955fe-263f-4968-88e2-6b9d19d8aebc,verified,AU,2025-09-02T07:32:03
396934b2-603d-454d-a2ed-b2c336d30fc8,pending,NP,2025-03-12T18:07:59
f0d08f8a-b5f2-4e1a-93b6-4f2daa1e218e,failed,BF,2025-12-16T13:19:44
fb99eb58-1474-4325-a972-7135fdad4719,verified,HU,2024-06-08T12:16:56
71005084-0dfa-4296-b5fd-10cc6586f665,verified,ID,2025-01-28T07:27:35
c2c9a05e-a9dc-467c-92ba-b443505a7ab0,failed,TN,2025-08-17T07:18:10
804694ca-82f0-4be5-8cd6-86eab740199b,verified,GM,2025-08-29T18:08:18
c3cb36df-498d-4992-aee2-c35e0ef85d53,failed,TT,2025-09-26T01:31:34
243e20f3-5841-4595-aa43-79bbcf97e0ff,failed,BE,2025-12-07T09:41:07
08b05668-4e87-44b1-83bf-7ea44a9b434b,failed,SK,2025-02-17T12:27:17
5573771f-6567-4bfb-8b93-f9a2df9992bc,failed,CV,2025-09-18T16:23:16
4039084d-cddf-42cd-8ec2-0ecd396b3a28,failed,BA,2025-12-19T21:45:36
c1e22a8c-7eea-4044-8e58-c6f841e2a267,pending,MV,2026-02-09T14:20:05
6d3ddb74-7d8e-425a-9c31-239248014cad,failed,NA,2025-06-28T06:11:11
823f3590-1890-4e6f-ad0d-f22d62af0c51,verified,AD,2024-05-24T01:10:34
48d5e662-0f71-486b-86d9-badc83a2d859,failed,KZ,2024-12-19T08:22:21
55aca230-08f8-4af0-ac20-3c10d3ed85ca,verified,BN,2025-01-15T23:33:45
ff8aa7a4-3eb0-4d21-9e43-f018da4d2ef2,failed,KP,2025-02-04T00:23:04
f0cea7ec-d08c-4fea-a5b5-7c0022a370fc,pending,FJ,2025-07-27T16:04:49
8ef2543b-9514-4612-9576-bc3454db276a,verified,EE,2024-06-02T16:53:44
31a5286c-c223-49ec-b2f5-8af3a6ac69cd,pending,SR,2025-04-02T04:56:01
345c1059-64a7-4b70-97ca-110bb3ed453c,pending,LU,2025-11-05T17:21:20
579efa99-d5e3-4940-8896-9742959a93d3,verified,BI,2024-04-10T03:59:43
36ab163f-762d-465e-814d-b9d9b3d31ed5,verified,LB,2025-06-14T13:28:01
111c5b82-0ff3-454d-bc92-4625ea76996d,failed,MK,2025-10-01T15:37:20
604f0255-b07d-4d71-8fca-743eb9cbd4bb,failed,TZ,2024-11-20T11:00:36
02363385-500f-4a4a-95a3-6d1b1d0a7c8a,failed,GB,2025-01-12T19:59:40
bb36690f-a777-48b8-ad96-5b3774d63d7d,failed,RW,2024-07-13T11:23:19
818fe027-c81f-4f52-af5a-bcccbb0dd9a8,pending,PA,2025-11-15T22:55:38
71ce43c7-2ef1-42a5-a45d-9cd66ca52236,verified,SC,2025-11-12T21:00:41
aa97511b-058b-4f44-adfc-9a9a5023f81f,verified,LK,2024-06-23T09:32:23
22eea662-ad4f-47ce-ac7a-042270a434ac,pending,KG,2025-03-26T16:49:00
a445a816-7be5-4c56-ac6e-7e17afc7cd6e,pending,PA,2026-03-15T19:55:41
901cb0d4-5a13-489b-b4b6-3bcaee9b9f1d,verified,TZ,2024-10-04T22:42:21
ef9856e7-f682-4330-9005-d78a9d2ea554,verified,DE,2025-07-01T17:12:21
0f9eba93-0ac9-418f-8d2e-57026680d58d,pending,QA,2025-05-19T02:08:09
e717515c-95cc-4dca-9032-1e5a96d58a83,pending,IE,2024-09-15T00:36:25
54cce47c-4828-42b4-b009-f694060abe40,verified,EE,2026-01-11T23:12:26
8e47c10a-eae3-4f5c-aa65-57041589f713,pending,NI,2025-09-27T12:18:12
4f7f1106-dec8-418b-aee0-b52886067512,pending,TZ,2025-06-12T16:51:12
8de72a0e-5bee-44f9-9927-e962734b34a8,verified,AL,2025-01-14T16:04:33
79520b88-7d25-4586-b50d-185fbc697709,verified,IS,2025-09-19T12:06:27
93d03fb9-420a-4bbf-980f-0b09a10f2c03,failed,SG,2025-02-17T04:42:31
4011a4a0-5bf3-4741-9c2c-3a8252c129cf,pending,GY,2024-04-13T06:46:50
74389f55-e94b-42e0-bd09-95e22b9c41b0,failed,CU,2026-02-10T23:35:00
dffceabe-c0b9-432a-89f5-b57fef4f16d1,failed,SV,2024-11-27T05:52:26
c1e4f154-beea-49f8-86cc-889e88c139ee,verified,GB,2025-12-31T12:51:02
faa281ee-ae00-4683-b303-d7c122437e70,failed,BD,2025-10-22T20:35:58
9d8e6663-a768-406a-a5d1-13390a9471c8,pending,KN,2024-11-26T10:45:54
e47ed74f-b469-411b-9d88-fc0cf048a44f,pending,BR,2026-01-04T15:56:56
4c560c2e-a934-4004-85ad-f604494832c7,pending,GD,2024-12-19T13:36:19
979e18fb-2e8f-45cd-94ed-866fab0a6cf2,pending,PL,2025-03-16T08:54:47
794743f4-2519-4958-bd89-ad8d96e6d671,pending,IE,2024-12-14T14:56:49
0125f245-fbf2-4c61-aeae-562a152767c3,verified,KW,2026-03-14T04:47:03
e772d147-cee1-43c4-8c83-6954fbcb612b,pending,LA,2024-11-22T14:12:21
7d6edeb7-f594-4d39-8495-bce5431c1ea3,pending,UA,2024-05-14T23:41:53
1013463c-c705-4500-be17-fca7d80ae6b5,failed,LK,2025-06-26T22:27:42
020e832e-3e0b-4eb9-8ff4-80ed2d8092c3,verified,ZA,2025-10-11T21:53:20
43b64a70-06e4-4e5c-90f6-be54991e5104,pending,AT,2025-09-29T17:41:48
cb2ea119-02f4-4eb2-b533-aa6c6bae7b36,failed,MG,2025-05-14T16:38:30
a0da1ebc-9708-49db-996d-6b847c1f1a6a,verified,NO,2025-11-17T12:04:43
4269f588-482d-4a61-8b7c-43b219749a65,verified,KG,2025-04-04T00:46:55
3b5f80f3-fcde-4792-be57-d4b127747775,failed,BI,2024-11-02T04:22:11
a0f5ce6f-e702-4f57-8a0d-6fbf5088e111,failed,IE,2025-11-11T20:33:34
48de4299-e113-4706-97fa-61c0ab96ecac,failed,SI,2025-04-18T11:13:32
2779ecb9-9728-4048-9714-2feaa05930b9,verified,CU,2024-05-08T07:10:37
77008a0d-c3b9-4eeb-9ef9-ed6bbe196bce,failed,BO,2025-12-09T10:20:14
c1380673-8bf1-4e00-8e7b-b608b9e0fdb4,failed,OM,2024-11-01T16:11:08
0f5f5ebc-2c35-4ac4-8956-07ef505d92dd,failed,PG,2025-03-04T03:02:11
87c1db5d-3738-46a6-9316-3822f7a42ab0,failed,MT,2024-04-06T10:31:22
2ea1b01a-4e9b-47c3-b9f0-23fbe966185c,pending,DE,2024-04-17T13:01:49
36ff3df4-00c7-44e2-a294-224e27d16486,failed,MW,2025-11-08T16:07:34
1f4767cb-178e-47ac-ab07-e4193e6202cc,verified,LB,2025-01-30T14:37:13
948e2b43-25f8-4d87-bdb2-3107049d6c48,failed,JM,2025-02-07T22:47:11
608833a8-2ed8-493e-9d4f-2f1cd520de31,failed,BD,2025-01-31T20:53:43
705badd4-b965-4b05-a5b4-cb2e1cbf950e,failed,AO,2025-10-08T05:23:55
814591ce-7497-473f-9371-e8763ac0fb47,failed,AT,2024-06-22T02:24:49
82e6fc0a-c779-44b3-8f46-144b5f1609a1,failed,AZ,2026-01-19T16:17:08
1f35aaa2-8a2b-403f-97a6-dec171c86b39,pending,US,2025-05-09T01:54:09
2f796fc4-c370-4b5f-b226-5a157244b43c,verified,UG,2025-12-04T17:33:19
e6337505-c95f-46ed-a5e5-9effeea221ab,pending,IR,2024-07-17T19:15:12
7350510a-5e2e-4581-adc3-ea1b2b3c5128,failed,KI,2024-08-28T02:47:20
58add088-3f69-46d3-b0a2-c4aacf4acdff,pending,SG,2025-01-01T07:33:54
73a3803d-cad2-46fe-ba0f-a90540d209cb,failed,TO,2024-07-10T00:36:33
791c6e21-8447-4aff-8f26-a0709045770f,failed,VE,2025-08-15T17:58:14
0157026e-b69c-4a58-b387-294c5883d244,verified,BO,2025-08-18T00:09:39
ff2e5a90-4c6d-4bc0-8af3-b563650f1a78,failed,NI,2025-10-07T21:45:08
eb498ea7-1d13-4d1a-bc99-a5a97da7f27b,verified,LB,2025-09-13T06:08:18
f3f52251-a748-4488-b579-b9c37d0e5999,failed,NP,2024-06-24T11:32:27
97a4edba-3b26-4cf6-bd26-588b6ed42f87,failed,ML,2026-03-07T14:12:03
06fce194-6ccd-450c-aeb1-bf1f0f48b501,failed,LR,2024-05-24T05:10:22
fb8e6ba7-484c-47f9-ad04-d6f58ae9748a,verified,SL,2025-05-21T06:38:16
f14497b4-88c4-4e6f-9089-f53788ce0296,failed,NA,2024-11-19T22:38:23
de179918-9e58-4085-8576-ff96e82b1b8e,failed,CZ,2026-02-21T10:18:01
890655cb-cff6-4a97-887b-b2ed2ad11ac8,verified,AG,2024-09-11T23:35:25
8fedd276-e72b-47a1-b5d5-3d409627a852,pending,MZ,2025-01-05T11:30:02
9b5bcb0d-c369-44a3-bc80-27af76900137,verified,NZ,2025-11-25T07:55:43
1dcce0ba-4faa-4f1d-8d58-b2871f8e7df8,pending,GN,2024-09-19T19:47:27
4b623171-1ca6-463d-9380-a0e8a04f1673,pending,TR,2025-06-27T20:34:52
9c99cf55-011c-431c-bec0-486b8bfba489,pending,RW,2025-03-25T05:16:10
6681ef16-7df4-4503-ba3f-8f747d73ed7a,failed,TJ,2024-10-25T19:41:11
939d0dcf-e6f4-4c14-8f50-3defb29a43c1,pending,CN,2024-11-24T03:14:06
5ad51aa5-70a7-46eb-949a-a6b32226b66d,failed,SV,2026-03-31T04:47:05
7bfdad31-e3ad-408e-abdd-f2ac140fd246,pending,MK,2025-04-29T05:07:48
13455ec4-76c6-4662-83fc-e6ef148c38d2,failed,BY,2025-07-22T17:03:29
b8103d00-3a53-4b2e-a80c-003f8e1b3605,failed,TD,2025-10-18T02:56:47
4136791d-71ff-441c-95eb-4cb9862a6219,verified,NZ,2025-10-10T04:39:31
c421aa30-a1d3-4e27-b308-34b4dcf3eb07,verified,AG,2025-11-12T11:38:16
9c6c09e4-dffd-4f77-bb60-f764ded5e7ea,failed,CN,2025-06-02T14:32:28
5daed994-bd1b-43bd-9afd-190aada1384f,pending,ID,2025-10-09T03:36:42
e277b8a0-934b-4263-8b02-f812b67f6891,pending,KZ,2025-10-05T14:21:20
381296d7-c925-4079-a964-44fe77594513,failed,CV,2025-07-19T19:17:57
81719d37-e15b-4b17-9469-0c8114e2b532,pending,MH,2026-01-04T03:58:16
cca1f652-b5a5-443f-9349-3bdd12f72ea7,pending,ER,2024-07-04T08:00:46
2164b939-a4b4-4686-b97d-287b7cd4c5c9,verified,MH,2025-01-02T18:06:53
04457504-7ea4-4f0a-afd9-a3f7e7c3db0e,verified,ML,2024-11-22T21:55:28
affe9f58-b9a8-475a-af09-89455cca24bf,verified,MT,2024-10-28T04:51:25
9bd4ddfc-b615-4852-8dc4-f3eed9896858,pending,BY,2024-06-14T23:09:37
499cc018-852a-46f8-89fb-22be8d8e8823,verified,GM,2025-02-02T19:05:45
9441aea8-ea08-48d3-bfdf-5a1611edf111,pending,RU,2025-02-01T21:25:17
57d09926-76aa-495a-8593-2e9683ec2381,failed,NA,2024-06-16T23:15:52
3ac5ee0b-8e9a-46ed-af01-9371b142de7e,failed,SR,2025-12-19T05:47:50
d66244e9-77de-4229-978d-a336a7d14b47,verified,MK,2025-01-22T10:12:19
922b13f1-e584-4a51-b3c3-79dfe0c1866b,pending,EE,2025-07-22T14:17:11
5c7dd6e9-cf8d-434b-b887-a77a5dd2a68c,failed,CO,2025-02-24T08:53:53
d0046d05-bcc1-49c5-8756-bca1b9cefe91,failed,JO,2025-10-02T14:35:55
87f095c8-c5a4-43c4-8962-c26144ca09c7,failed,KP,2025-05-13T08:22:05
c47b2590-709e-44a4-9187-b81a7eac400f,failed,SR,2025-03-20T03:30:16
671ab1cb-0eac-48fe-99c8-7c7eb939cb9f,pending,MG,2025-12-23T18:10:18
dba77cec-330e-4cb9-97d5-758be380555d,failed,KG,2025-03-23T02:16:45
92df9706-eee3-401d-9537-b63a32d5dcbc,failed,KG,2025-05-28T16:12:46
b5c10143-6175-4d7e-8fc0-4f5fff44a21a,failed,VE,2024-09-23T12:08:44
a3729a31-4223-488c-bdfb-1e211a4781a1,pending,GR,2025-05-31T22:53:56
571fe136-ada2-4fdc-af7e-34eb57a95f09,pending,GB,2025-03-26T02:28:06
a13146de-3e90-4315-8d15-71853ba58618,pending,IS,2025-03-19T19:40:18
f9b80ee3-6ed7-42b9-b79e-a88bf4406fbd,pending,NP,2024-10-13T07:17:05
6ea3aa3c-dceb-4888-8746-c307e6b0a892,verified,CF,2025-01-27T03:07:54
c8453047-3fab-4c64-a878-bc8be3261b13,pending,FR,2024-07-16T22:27:55
70b635ba-35dd-43de-afd4-9096396d4e2e,pending,GE,2024-10-24T00:13:29
bb9ecb93-453e-4ec5-bedb-f3275c6812df,failed,VU,2025-01-20T22:24:54
3843df2e-5aed-4224-9962-a01ba1d09753,failed,OM,2025-04-24T05:27:59
ad3b2c8a-aefc-426b-9643-e8fe88b3c3fc,verified,ES,2024-07-24T12:23:08
14d3ed8a-5444-4e11-91b6-e31409a5f1ea,pending,PS,2025-06-12T18:35:18
583159ec-134c-4910-8261-0e80dc44df1d,pending,RS,2025-05-23T03:08:04
998670cb-3241-4562-8d4b-242992106259,verified,KH,2024-10-16T00:16:24
f126ec84-9352-40ce-b285-b953d2199b5c,pending,LC,2025-06-30T16:48:01
f35665f4-401b-4cea-826b-fc9e6f0b89df,verified,CI,2025-11-01T22:45:58
ab4cdbf1-1325-4cfb-a9ca-eb97ffd22ad9,pending,MC,2025-06-16T05:45:42
9fdeb066-b29f-4b22-a0c6-ec22cb6a78b4,verified,RO,2024-12-25T17:41:08
56544f34-ce0f-466f-b89b-c2058c36ad27,pending,GA,2024-09-05T09:32:22
6532d7d8-34d1-4f3b-91ad-64cee6f63ae3,verified,AM,2026-03-19T13:58:05
757570a7-b1e3-4af4-adb9-1a67e2794137,failed,IQ,2024-10-09T08:22:52
ceb32642-730e-40a4-b449-5f33a77859a9,pending,KM,2026-03-17T16:45:16
b225e229-45be-4ad0-8fa8-193ff27faf4e,verified,RU,2025-09-19T08:41:51
f2a0912c-b862-4b2a-b512-7f3f067f71f5,verified,CG,2025-01-18T12:50:51
11c7f63f-a2fa-43ee-ba15-9d14eb964750,verified,BZ,2024-07-10T09:34:30
e872786c-3b7f-43e5-a719-76e553f6cf2d,failed,CV,2024-06-29T12:44:55
51d4bbe8-81b8-457b-9a3d-d08809d74725,failed,RU,2025-07-19T14:07:05
a21eb301-81c9-447a-8769-10fa3690ba1d,verified,BN,2025-04-19T07:35:00
048a9ca1-86d7-431a-88ee-a4e654216cf2,pending,IL,2025-03-19T02:36:35
777c44d3-de48-45d1-81b3-ae9d6de186f8,failed,VU,2025-10-17T14:30:35
fef829e1-1858-4523-8b61-0ae3eeff407f,failed,NZ,2025-09-14T10:03:05
765384ed-4c0e-42aa-8f52-d6c20a48384a,failed,YE,2025-04-04T05:16:00
c4589fdf-d1ff-4381-9a7e-cefdb923f56d,verified,SA,2025-04-26T03:56:02
3da0e4fb-88ca-40d0-91ba-734f4151cbeb,pending,LB,2024-10-15T14:29:36
42f9414f-60fa-4055-955e-1716724c25e9,verified,MH,2024-10-16T19:36:30
6db93afc-aa40-4520-9e0b-29e053d6095b,verified,GN,2025-03-08T00:12:49
27c8660d-7d45-4134-99cc-0649078032c2,verified,IL,2026-01-23T10:10:18
ec39c9f6-84ca-4c88-b856-2e00211b4431,pending,PG,2026-02-12T09:17:57
4eb31d8d-23cc-4244-a942-fb593d972c23,pending,TD,2024-08-21T10:43:53
e3b426f9-3a38-40d4-aeb4-65f8795e85ad,verified,CH,2024-04-11T00:01:08
8ee117ee-f47d-4bf3-b391-a44fcca9a8d6,pending,PW,2024-11-22T03:46:34
20edcff0-836d-4917-902a-177dc681e1f0,pending,BJ,2025-08-06T04:24:36
8cd92967-eafe-4928-b7d2-cd6d05003da5,failed,FR,2026-02-01T06:36:30
67c9ead0-c1cd-4ff8-8224-f16fedc7517d,pending,BB,2025-11-02T19:20:58
ec76ed98-faa4-4d88-a59b-0774af0cf31c,verified,BJ,2025-06-26T13:56:50
018ea985-0a89-4c61-bbe1-f8c72d9a7036,verified,MX,2025-04-11T23:29:15
7592b115-cd10-4b25-9e7f-c3a06f99c398,failed,LI,2024-12-16T14:39:16
1b410469-2be0-450e-aa9a-58fb48e01a93,failed,HN,2026-04-01T14:17:02
2ed11288-4b5e-4fc5-ae60-76dd5e79bbbb,failed,AE,2024-09-23T08:59:23
59aa1327-75fe-4cb9-a128-60e9cfc7b100,verified,CG,2024-05-01T17:33:47
81342117-cb32-4ff8-9feb-1d2ed12121c0,failed,IN,2025-11-26T07:04:15
641957bf-a116-4be9-913d-3e4aedc4da0e,failed,RO,2024-09-25T21:40:33
e8bd906e-123d-4ef2-a92d-a10a0c0c4e97,pending,SL,2025-07-15T14:00:00
9378a757-5dad-4264-ac96-cacc24f1b722,failed,MW,2025-01-08T01:06:14
d1f1b7f6-986a-4ed0-ab20-06b41cfc6113,verified,LT,2024-08-07T18:38:39
d9ef42c5-f5dd-4768-8a44-749827a86a05,pending,BG,2025-10-13T16:11:00
9df7f19b-547c-4c7c-81b2-16ca0d872977,failed,JO,2024-07-18T03:20:32
2cd80991-e795-430b-906b-0e8c2b5538ef,pending,PG,2025-04-02T07:50:22
9336abca-9a8d-46de-a8b9-ad7fad3b012b,pending,AF,2024-11-15T13:01:28
8a043648-96f0-49de-84d1-3fcf37260fc7,pending,AF,2025-12-29T07:35:48
55bbbb86-eefb-4ac0-9093-8af8412346d9,verified,PA,2024-07-15T22:05:05
a1e2586e-2a29-432e-8a8a-b7a39b656b3b,verified,GE,2025-02-19T05:49:59
9ded2b27-61e4-414c-86bc-c69b7315a991,verified,CU,2026-01-01T04:00:22
0bf67fe0-52f1-4ba3-b9be-05be304ddfaa,pending,PL,2025-11-20T00:44:21
28af2720-c6ba-49d6-affe-09e46f3eb555,failed,MU,2025-10-19T23:34:08
641bd197-4daf-463c-9f66-3c66561a5b39,pending,NP,2026-03-11T11:14:57
3ad0fbdb-7f99-4c0b-b317-e8319411aed9,failed,CH,2025-04-08T10:35:34
14541bc0-246f-4784-b2dc-89184cf74947,verified,ZM,2026-01-16T23:43:05
0b1d23ef-4583-4c72-97fc-32b7c8ab2564,pending,TW,2025-04-09T16:40:29
3d98fc67-a694-4834-bbe3-f5b33d6eba8c,pending,TR,2024-11-07T19:04:38
d0eb70db-d8b8-409e-8017-f84083f3c008,verified,HT,2025-11-09T17:32:41
467b7f38-b190-4b8a-8108-e1082cae9b47,verified,MU,2025-03-21T10:36:40
2d776444-b429-4379-9965-a6c9c184c399,failed,CD,2025-08-20T16:05:47
010b83cc-c27d-49fc-8754-f88bcefe3672,pending,LC,2026-02-22T02:54:53
a158acaa-10af-46b3-b367-b1df9a8d227b,pending,KI,2025-12-19T11:06:29
6bf3840a-e53c-4cfe-9a93-3d56412138fa,verified,MA,2025-10-31T07:55:09
99bed03a-2e4e-41ce-a11a-83b7d603c6ee,failed,MD,2024-09-05T21:23:45
882c49af-8e6f-4f2d-8306-8f86ffac7592,failed,MU,2024-07-08T14:31:52
368cb8fe-a83d-4495-a39b-ec3f84476256,verified,SZ,2025-10-05T08:42:33
5dfb14b9-fb8e-43c6-9208-04e2cff9b798,failed,CN,2024-08-02T23:46:20
21500050-05a6-4035-aac9-5fd79674de12,verified,CN,2025-07-04T05:52:22
d980031b-c7ba-4d2a-aa5e-43860d8c7da6,verified,VC,2025-10-25T14:37:33
f8981c03-4ca1-4a82-a797-f84a709edfe2,failed,NR,2025-01-06T21:36:46
b8656c86-930c-4a21-845d-76c987e46938,pending,HR,2025-11-02T00:46:55
e48be175-d418-41ab-b979-ff1f6e4bcd1e,verified,IS,2025-09-24T13:38:12
a851cc71-2169-40cf-b765-2a0126fe8a9e,failed,LU,2026-02-27T08:23:51
5e3f9fd8-961e-4ae0-8409-b29e08de40f1,verified,PG,2026-04-01T14:47:43
d2e04fce-be1c-4998-a5ca-4c6879925111,failed,VA,2024-11-27T03:23:31
9b587ab1-b544-494f-8f75-f96fcd7c2a5a,verified,CO,2025-07-02T22:29:10
bfbddd19-5f52-4fe5-943e-8e49143cd049,pending,NZ,2025-01-11T09:05:15
3d001fd3-8eed-44df-950c-5f39f07c2142,verified,KE,2024-12-21T01:17:19
5951c0fd-b55e-4fa9-81e8-7582960760b6,verified,MT,2025-02-23T09:52:07
157c435c-80c3-449a-8acc-9f6fcd1c3da2,pending,NR,2025-10-14T18:11:56
e0326948-feb2-4c7d-b376-0469d1bb356f,verified,CH,2024-10-29T10:42:15
02a550a6-96be-42ba-9412-556982eaf26e,pending,ML,2025-02-10T08:03:47
3fec5569-0899-4779-816d-0cdda7be8123,failed,HU,2024-11-14T13:45:32
e3d09597-3bde-4813-8149-28798493e8dc,pending,RU,2024-04-25T15:56:04
bee24f2a-192f-46b0-b990-977c82921873,verified,BJ,2026-01-06T19:42:54
7cabff64-50bc-40c5-a7a1-93e2548c3e3b,verified,MM,2025-12-08T16:25:41
17050826-3db7-4995-8ee7-d49eec1bb94f,failed,CR,2024-07-24T19:11:41
4208f6db-731e-40c5-b628-ab3143d3ec9b,verified,GQ,2025-08-16T01:11:49
b8cc3fcd-05c2-4146-b3d4-822a0aa0c675,pending,LB,2024-12-09T23:43:26
b02755d1-1480-4747-a637-02c51f26f591,failed,IS,2025-09-06T17:42:01
87dc5758-968c-45d4-bbea-f8b96c1d9c66,failed,PE,2025-10-31T12:18:30
b2b448b6-e9f7-4e04-96a5-246a14d7bcb7,pending,LR,2025-10-19T08:29:11
a0530c0f-d69c-4058-861d-4fcb6f2728a2,verified,SG,2024-10-15T04:46:21
e64fc4b3-cca5-4461-9eab-f72029136133,failed,GD,2026-01-30T09:10:45
baa3c073-f382-4054-809e-64941a091690,failed,HN,2025-11-05T00:24:41
bbd6581d-822f-4b42-93e7-af2fb918ec46,verified,BY,2025-04-06T17:53:56
e576a4d2-ecca-4aef-a904-9bc97f04e596,pending,ST,2025-07-23T08:34:24
13fba514-c4c9-4225-9330-51b777ba87c7,pending,IR,2024-08-16T01:42:40
76cbd9a1-5b54-48af-9344-409db3f6ee5b,failed,KN,2024-08-13T05:28:03
56835569-ed23-4fec-88ed-41b443b493a7,failed,SL,2024-12-24T02:30:45
f76132b7-39dc-48e7-b49b-01edb03e4ae1,pending,SB,2025-12-09T14:08:02
39d1fda4-4538-4ac5-849d-14a1b90ea5b1,failed,VU,2025-08-11T07:06:17
4d7e7c75-be0f-4479-891a-c067494d420e,pending,AR,2026-04-02T00:14:09
55396991-0f12-4a88-b0c1-b97b4221d538,verified,LB,2025-10-29T22:45:36
ddb178f5-bedd-4f75-82a3-ae020247b5b3,pending,WS,2025-01-11T06:08:53
7dd6c512-4247-4b08-a6ca-07e0d162deec,failed,ST,2025-09-14T21:49:44
b0b9f518-f0db-462a-a929-87a44880434b,failed,LR,2024-10-11T07:26:33
44d1bcc3-10f6-4ef5-92ef-c85e6b165c69,pending,MX,2025-11-30T14:02:20
d871c02f-70e8-45e0-93c2-38a5676892a9,verified,HT,2025-02-07T20:59:33
8a8cba5e-7e52-4c73-9eb7-26fd75a49747,failed,ZW,2025-03-02T07:40:00
d5d163a7-9d0f-48cb-9bad-5a7e0b539093,failed,SG,2025-07-17T02:22:18
80b20fdb-2690-426f-a42a-749c0b14f05c,pending,AE,2025-11-22T13:24:28
bc3be6cf-2275-4076-ae69-f0a7568b9aac,verified,ET,2024-04-04T03:49:17
ed09eb8d-c7b1-42d6-aea1-4db3c90a9092,failed,TN,2024-10-19T15:12:40
e60639dc-ed33-4108-ad70-936ee88b855e,verified,TO,2025-10-03T22:55:00
843c596f-6277-46ec-b52b-e1b65aae50ba,verified,NP,2025-08-09T11:45:49
05e2d7da-0a14-4b8e-b1b3-de15df843083,verified,RS,2025-10-24T08:45:55
1c8db79d-841f-46a5-9caf-fd4783f6a909,failed,BD,2024-04-18T22:20:36
dda65d86-2324-4bce-9af1-fbb9c2b32f65,pending,FI,2025-01-06T05:33:34
c56e5e61-f524-4bb7-b59f-22c1e0fce1e0,failed,CG,2025-09-20T12:15:23
8176e5e4-52a1-4e98-8bb3-7438950a3e54,verified,AT,2026-01-30T06:04:21
f02c1a5b-84fe-4a76-b4c4-9245af11e9be,pending,NA,2025-05-04T00:29:48
6a3b6dd1-8f54-48b9-bbaf-39230c1265d2,failed,TW,2024-05-07T18:16:24
21cef683-4e94-4a23-b224-329d0bd5b254,failed,SE,2025-11-10T14:12:29
6b010340-36fc-4cbf-95c5-2ecb62265eae,verified,JP,2026-01-15T13:44:32
9ffcaaf2-b257-4183-b2ce-38337922784a,verified,KP,2026-03-17T14:15:08
12185d29-c5ee-4ccb-bc47-9913bb9a13b7,verified,NL,2025-03-19T05:18:49
6ea97ce7-de8c-4abc-a81d-10f5477cbc1a,pending,AE,2025-12-21T04:47:34
39942bae-5ad2-45aa-92d0-2f5c0aa89d81,failed,BG,2025-01-30T07:23:32
97665571-0227-4541-b381-95175077744e,verified,KP,2025-06-20T11:16:16
36b39969-765e-485b-b072-e98f128237d7,pending,HR,2025-07-07T08:42:21
161d4c23-decb-461a-abc3-477b382be608,verified,SD,2025-12-16T20:48:04
be2770d9-8481-49e4-8161-55bbc54abd15,failed,TV,2025-10-16T19:41:32
6f8ed717-35a0-4954-85ef-60eb9ebec85b,verified,PK,2025-04-27T15:32:04
5063fcb8-2206-4c3c-8431-0e45798339ac,pending,CO,2024-12-02T04:13:47
15ea83c2-8f43-47ee-b516-22c33cf1bec2,failed,BN,2024-10-30T11:37:37
262fc058-4714-4d25-a7f0-5046c4d324fd,verified,VU,2025-05-23T07:49:37
6466d102-41db-4f84-86bc-c7c1b7ebc702,pending,LR,2025-05-07T18:54:53
882118de-5ff6-4c0b-900a-48a55d05be33,verified,RW,2024-04-09T09:33:26
88b1127e-3ed6-4687-9aea-fb8bce5dcd18,pending,LC,2025-05-30T01:56:16
aa4e7da1-09ea-4042-a9a0-35def31190b6,pending,PS,2025-12-25T20:16:23
b3ef5a3e-d317-418b-9936-5b7c6f529a02,pending,RS,2024-12-06T05:30:05
47d60bd9-9da9-401d-8290-75cd53d416d5,failed,UA,2025-03-14T12:44:55
2b302b18-b91e-45d5-b657-a87e9ae2b797,failed,CF,2025-05-08T17:23:54
1b4d331c-1e29-46de-8160-63955b57cd2a,verified,WS,2026-04-02T19:10:54
efe9da20-0eb7-4347-8942-de83e2ad51e8,failed,NR,2025-12-22T20:21:38
633e0a1d-d076-43b8-9cea-35052049d78b,verified,AR,2026-02-14T11:35:27
ba2e2e50-420d-4f32-a5b6-442b6c4e1314,verified,GT,2024-12-17T22:35:59
aff8ec37-f277-4d45-803e-45a669b57ad2,verified,VU,2025-02-05T07:46:16
e44737d9-e232-4050-bf5d-4d19ae9447b2,verified,ZA,2025-02-19T02:47:55
69d0ec75-9241-474f-8851-f92da256f66c,failed,TW,2025-07-04T14:55:06
5aab1b64-2ce2-423b-8702-d472203fee00,failed,GY,2024-10-28T10:09:49
292eb8bd-10bb-45d3-8615-b6bfa2b867b9,failed,TJ,2026-02-17T02:06:39
e4243c90-0fa4-4ce8-a4c2-9d5f2b712f23,verified,FJ,2024-04-11T09:49:40
924e77e3-5d96-4d44-9995-dc6794b47bb4,pending,BY,2024-10-25T03:48:53
6e48562e-a532-4aaf-84af-f79e95006b55,verified,MK,2025-01-03T20:03:36
41152769-250a-4d39-a546-0b80a0371bf3,verified,SN,2025-06-18T16:21:06
b2797fa5-1119-4116-8fe9-8df2ca6a8b1d,pending,DZ,2024-04-10T00:07:23
ca888f12-bef8-4dd1-9d39-e56c994db550,verified,SD,2025-07-22T04:06:14
62614501-2ae5-4631-8b78-df48e73f1c41,pending,PG,2024-06-15T07:17:18
f690e872-690a-4c97-8744-523040083e03,verified,MM,2025-08-04T06:49:31
93b406b8-e0ac-4338-a62b-d8c728c00453,verified,CO,2025-11-04T08:34:52
1d293baf-5b6d-4311-972f-cb3897514517,failed,EE,2025-10-17T16:37:49
02770a3c-ed74-4491-af3e-8a7d04c30729,pending,CG,2025-09-09T09:01:15
de43e16a-393a-4cfc-b04c-2fa4fed5a313,verified,ST,2024-07-13T03:28:53
75c2cb61-2a53-4f34-939e-c7f55cf908af,verified,GB,2025-01-16T03:15:36
dcfa933c-c798-4abc-8075-80a9fe315a80,pending,RU,2024-05-25T19:10:05
def79f41-1676-4740-953e-5efb2d1f162d,failed,NE,2025-01-18T03:07:30
b526ee59-f797-4bc1-a596-c26096162751,pending,MH,2024-07-20T15:53:45
8dceb581-3742-4e5f-a055-a606eb87ff65,failed,DO,2025-03-29T12:48:26
0aedf7b7-4b8a-4674-ac1d-a2bd69538bd3,verified,JP,2024-04-27T15:51:39
447d77ff-3cb5-4985-be20-c4d5888b4e7e,pending,TZ,2024-12-21T11:07:44
14f61f0e-8406-4a85-9254-0f031e3b23b7,pending,TJ,2026-01-08T13:49:29
552f44e6-5d40-4af1-ab23-7253b1b741e8,pending,MR,2025-05-31T03:59:09
6cfd6ec0-0c67-4747-8580-73434ddd008e,failed,ES,2026-02-09T21:47:33
f65a1ac1-3709-4327-943e-45552f4206e8,verified,FR,2024-06-30T04:19:51
9b47be85-5e54-4a05-8f98-40db23c6b5e5,verified,CL,2025-10-27T08:40:18
34ef346f-90ca-4217-a3e7-2269d286782f,pending,CL,2024-06-13T12:50:00
b6df9ffb-74f2-4d6e-9658-8abc9c9a3d72,verified,BG,2025-04-05T15:19:44
50930c84-e6e6-48e7-a66b-35680070f7c5,pending,CG,2024-07-15T08:11:25
3b108445-6898-4d2a-8bf6-5f211cdbf96c,failed,PK,2026-02-23T18:05:24
58d0a4a5-d329-4b45-bdf1-0e9bee7d738c,pending,MW,2026-02-09T01:07:43
20bfede8-396f-44e4-a5d7-80d8956b5b1b,failed,UZ,2025-02-04T01:16:00
0b6c85c8-3308-4930-97fb-ae2bb7fd7090,verified,TR,2025-10-20T15:46:45
b6db4772-fba5-430d-b769-b464405b737b,pending,DJ,2026-03-15T11:08:02
621d427a-e609-4c20-b4f5-8346e165b648,pending,PH,2024-04-23T03:32:22
d17f400b-d2f7-4cc3-b49b-91101560afcd,verified,AE,2024-08-07T00:49:33
84190fd9-398e-460f-aa2b-73755e1f70a0,failed,TM,2026-01-23T16:34:01
8dbcfe56-2214-4574-a14c-5ff62bd5eef5,verified,CA,2024-12-12T22:34:45
1495e2ad-09e0-41db-9fa0-86d21ace7135,failed,FM,2024-06-30T15:07:53
a5911e69-82f8-4814-91f5-1efaa0f4e0dd,verified,NA,2024-10-15T16:13:00
0ee6925b-f153-4ce4-85ea-3e10880c8890,pending,UZ,2025-02-24T13:45:35
a7f41791-976e-469e-bf7f-4da40847009f,failed,MR,2025-05-22T05:14:19
5ef703c0-72cf-445e-bc33-5c44e1a24972,failed,US,2024-10-17T05:59:31
e638b5e1-8414-4b49-ac4d-728d0962382b,pending,CO,2025-06-19T21:40:16
d283b28f-8f36-4b7c-9a75-6df3174e3727,verified,MR,2024-08-08T16:26:01
3baad83f-3db6-4818-b3b3-b3e557984214,failed,BT,2025-03-04T19:56:41
b0c6ed43-2f03-4873-ae85-0390c127a950,failed,PW,2025-07-16T03:51:40
2f9195e7-805f-4a33-9dd2-0d88bb8f8b37,failed,NL,2024-06-06T04:50:47
dd3c1c40-01c1-4241-b4bf-b1d8f9c65ec0,failed,ZM,2026-03-07T15:21:33
51b3dd91-d6e7-47cd-9433-e1fe5edaefd9,pending,MX,2026-02-27T09:52:30
a1c20275-2d5d-45e2-930a-488207793cce,failed,ZM,2025-10-03T14:21:14
82522479-3ed2-452d-9e44-098def522906,pending,CR,2025-06-02T09:08:23
bb9a75ce-c1c1-4d3b-90a8-1e4c4a98572e,failed,HU,2026-04-01T14:28:46
d78f1a8f-5ded-4aab-af9e-57894221d229,pending,MV,2024-05-23T09:39:58
47ae2950-4241-4eb1-95b4-b5122b42691a,pending,IL,2025-07-16T14:38:31
cca02689-d60f-44ad-ac9d-1bcd393ed2f6,pending,EC,2024-06-26T07:48:37
8748dc46-55ef-4aff-809d-e0c7f08594bd,failed,SZ,2025-11-06T21:41:29
3365d24d-c01c-4dc0-b611-16d57e8a3ef3,pending,RW,2025-08-17T22:41:01
557169c0-a0fd-412a-9ac4-7f1e52c16be1,failed,ME,2025-11-27T04:01:58
8fcd30a4-3e45-4f7a-a058-69b84378c2b2,pending,SY,2025-09-22T00:12:26
0a922dfa-1549-451b-b633-8211109bab10,verified,MK,2026-02-27T02:58:36
7ac5ae4e-01ac-4bc8-a25b-862e06122242,failed,BZ,2025-10-02T22:21:55
da28a216-b14d-4dc4-a80a-053b67de5474,verified,PK,2025-05-31T07:23:39
33de06af-a300-47c6-ab5a-9ea8f00c7aff,pending,ST,2025-11-27T12:01:36
f5691d14-cb5b-42b1-a0a4-559cff59277a,pending,EG,2025-08-01T23:43:43
ffd426cc-e315-4b55-8073-0793ae866482,verified,GW,2025-03-08T12:52:10
1744aa10-366e-431c-8bbc-83b71abb138c,verified,IT,2024-07-09T19:26:31
692bd740-e343-4759-8612-0bc96fe25d0b,verified,ST,2025-11-26T14:11:14
ed7b44e5-0100-424c-a5be-c4353ad2957c,failed,GQ,2025-09-27T10:48:16
eefd7774-2e7e-4532-a8d9-8b47cf4cfff9,verified,EC,2025-09-16T10:20:45
daa60369-c9ea-475d-a8d1-f968153e03f0,pending,SB,2024-08-19T10:08:30
412431ef-6f34-4fc2-93fd-9f4e389f9524,failed,TH,2025-06-03T21:32:54
90ba21c8-e6e4-42fd-93dd-ec1f01842cd2,verified,CH,2025-05-03T05:23:57
3cc2907e-1aa3-4421-8543-f65ca7f5a328,failed,TL,2024-05-20T08:33:11
170a7d22-ff86-4eb0-8fae-8e9a3737ae46,pending,NE,2025-05-17T04:27:51
320a5b5d-8e81-4d3c-93cf-7f172c4eeee1,verified,GY,2025-10-21T14:58:08
d7938fff-0ad7-4527-a7b2-dac6812e13a2,verified,RS,2024-09-10T03:51:30
be75b8c6-3263-49d3-bc60-1ec3733c5737,verified,HN,2025-05-15T15:09:53
58463454-1ea6-4e3a-ba70-083685461c32,verified,HN,2024-10-25T03:41:14
d57f899a-d3be-4251-9478-15c905aa9c6d,pending,BN,2025-02-05T02:27:35
dadd51eb-60e2-4c4f-91c7-e75f2e25358e,pending,NZ,2024-05-18T15:00:53
b1620ce9-d353-4cd5-8750-9a4bac23311b,pending,KR,2025-01-25T16:43:14
5784c826-82b1-4059-b152-9dbb32c7cfa7,verified,RS,2025-05-27T20:22:08
cc69bc0a-95ce-42fb-a24e-fa0da4c961c1,pending,BI,2025-04-04T07:00:05
4c98d332-2416-4c26-967d-56e287fabd84,pending,NZ,2026-03-27T13:23:36
d93c8cf3-d4dd-4196-b09e-a0221132c5d4,verified,CO,2024-09-17T18:47:09
76bb9fe2-6557-4f7d-962e-34430f2e9380,failed,TZ,2024-04-22T05:17:36
1e466bf2-b01d-44b3-bb2b-35c047b06d67,verified,GD,2025-01-22T08:08:00
84116634-8f25-4b42-b925-69b3aa61fb65,verified,ME,2024-08-21T09:51:01
dfb7ca49-5998-42bf-9188-c00b9442350c,pending,PE,2026-03-23T15:59:26
5be6351f-3105-4f6c-be1c-d0e60c0b7bbd,failed,NP,2025-01-15T02:30:56
cf9cce48-2ab3-4cd2-9b9b-31c275348463,verified,AD,2025-11-30T03:31:30
a966a021-e143-471f-8e92-f4c2a7438763,failed,MZ,2025-08-15T06:00:20
3a8ad19f-fd58-408f-98c1-e08a50088c2c,failed,CY,2024-06-24T00:40:13
21dc2243-35e3-4e44-b545-719880cc710a,failed,DE,2024-11-26T21:03:25
2cbed819-ee8b-4b32-b464-f21b5c5d9991,pending,AU,2025-07-08T12:04:02
e52bb25c-3c7d-439c-a594-c3476c17abb9,failed,AM,2024-10-19T09:04:11
77aaf69e-2835-447c-8945-e5fafc172244,failed,ID,2025-06-22T06:22:39
ea84a86e-4517-44f5-b803-681847e2368e,pending,PW,2024-11-11T20:51:18
89715a1e-0d2c-47b3-af93-2108293c8910,pending,VC,2025-01-03T19:19:23
1ff2c8ec-e67d-4bad-9ec1-2b83b39ce380,pending,ST,2026-01-25T16:23:58
e1137c2f-e75e-41a7-a3ba-18492070f690,failed,NZ,2026-03-25T02:02:16
4b06ff03-de16-4d7d-9636-d94f4ed895c4,verified,MH,2025-07-11T01:45:13
0ba9cf8a-1d42-4d4d-888d-aa66fa8787d5,pending,VN,2025-09-19T19:18:57
d7c364ca-a770-495f-a97c-d82e8461b49e,pending,HR,2024-09-26T07:27:32
ef864d95-8fa2-41ed-b5df-f8a6b3a06596,failed,AL,2025-11-30T15:05:38
78b92c62-a946-449c-9a08-67d5bd127a65,verified,ZW,2025-10-18T17:45:54
0105343d-3424-48c4-ad90-8d2271551254,verified,GN,2024-10-24T21:29:31
cdbcef11-24cb-45e9-afda-36b001acdb9b,pending,BZ,2026-01-13T16:59:43
c540e0c2-9d2f-46ef-9b2c-b086030d4c13,pending,WS,2026-02-24T09:48:06
f4bc710b-b489-40e1-874e-349cf8ea8e98,verified,YE,2025-06-04T08:56:55
2243a33e-ef87-46b1-85d2-1d139c232427,failed,CV,2024-09-25T01:23:24
7e0c9afd-7c5c-4a1b-9bf1-05a52d8a9dee,failed,CD,2024-06-23T06:24:09
1b90758e-21c1-477f-9f2d-e40ee2f23e4b,pending,AR,2025-02-17T04:14:22
f769e773-fc58-49a9-9f51-cfc2b6ed36f8,failed,CU,2024-11-12T20:03:49
96671cdf-7fc4-455f-a550-2c0f2b78dc8d,pending,BA,2026-02-07T01:19:01
c60c403c-dd23-4ba1-b750-378175ce3439,failed,VU,2024-11-14T17:44:03
5c5d35ae-3f3c-4310-a622-6fa739b19286,verified,GB,2024-04-22T13:48:38
3507d592-d686-4a1c-83d5-794379e69918,failed,GH,2025-11-13T16:55:56
a065db0e-174a-4780-958c-2da6587c6a5e,pending,NG,2024-08-19T04:36:41
dd700d4d-c9c3-4c3b-b5b5-b170851a2b8d,verified,RO,2024-07-22T21:23:51
b6b6c0e5-4716-4b20-8382-c34bd8c495ff,pending,PH,2024-09-21T11:56:59
fcb08c12-24b4-4831-ade1-dd2059a446f4,verified,GY,2025-01-03T13:31:57
48fb8022-89b4-4440-83d6-1c7aac7a1a38,pending,LI,2025-05-08T18:10:37
5785b01f-eab7-49f9-9acb-6062d6c97f19,verified,AE,2025-10-26T18:23:50
4b7f0ae7-bc82-46be-a9f5-9f89aae92562,verified,MH,2025-01-30T07:30:39
882a2fbf-6686-47ba-ae5e-d9f0d420a9f1,pending,GT,2024-09-22T11:42:53
b34c6794-d949-4dbc-aa9b-d033cf51ccfa,pending,MR,2024-04-08T17:21:52
8a463fc6-140d-48d0-a0e7-5d731d3e904c,verified,MN,2025-08-15T21:46:24
b480d63b-522d-4e7c-9126-0a4ae86e04f6,pending,CD,2025-11-13T09:41:10
c454c84f-b79a-4250-a049-a5be6f3f87d5,pending,MU,2025-01-19T22:05:42
8ba6b21c-c0ae-475a-b6b1-fc82ea9a5f79,verified,LB,2025-10-24T03:44:38
ee99cb46-2b3a-423d-a211-a9ea8dcf1298,verified,DO,2025-11-12T04:19:35
a270a189-92c9-4ede-a5a3-b07884482aff,failed,GB,2024-06-27T21:10:49
258b5bd8-fb07-4ac0-b970-9f2aae3e0d82,verified,VA,2024-06-29T10:10:59
537df88e-a913-46b0-ae20-d588714eee9c,verified,LS,2025-05-10T14:44:46
9a9d5761-d297-4394-a7a0-21cfa647804b,verified,NO,2024-06-05T08:17:58
5e9769d1-1d16-4524-9dc7-1d0886175b4d,failed,BJ,2025-01-13T16:44:05
bae3280e-c174-480e-9382-29974cb70b2f,verified,MX,2025-10-05T23:39:58
d5940039-5803-48cf-a1a0-b8a89d530b1f,verified,MU,2026-03-01T20:06:28
7c8fd292-3bf3-4a0e-a36b-8ef43912b000,failed,IN,2024-09-01T01:59:17
75bf5bb6-c468-4b87-ac19-e79cde7ca1b9,verified,IQ,2024-09-10T09:07:17
44c9cda4-3d2a-4e58-805e-eab9f3eba22b,verified,ZA,2024-06-19T23:35:40
e63684b2-a5a2-4e5a-9f10-a7c0af0c2c20,failed,WS,2025-05-12T00:34:21
ec102f65-60dc-4732-99d4-fd962c4860df,verified,EC,2025-02-15T17:44:44
758d120a-f9f6-40fd-a5b9-2da0a9fcd554,failed,VN,2024-09-08T14:32:25
75766c8a-8d7a-43e2-9a39-ee6922053f63,pending,SE,2025-07-07T10:23:08
1b18ab4c-221c-4851-ae74-bc0c8321b80c,pending,PL,2025-12-29T19:50:00
1f37fe15-8f86-4bd4-9477-cbb91321d515,pending,GB,2024-12-22T10:51:33
87f402a7-e0d6-4d9a-9512-9792411b186c,verified,UA,2025-12-05T13:34:52
d57dab03-00ed-4511-9a26-ef9ebf78b6a6,verified,AT,2024-09-04T23:11:24
38652716-ea36-4999-8cbb-ffd0162536ab,verified,CO,2025-03-25T13:47:22
13c16add-ff34-4166-8cb1-ba4c20fad4f9,pending,RW,2025-11-06T09:19:20
bab17c59-b039-45d2-881d-a2413e54cb8b,verified,VN,2025-12-06T08:27:03
cfbdd0cc-a7eb-49ad-adb2-b1b66518b88d,pending,WS,2024-12-30T22:47:21
7938b7e6-473a-4b1d-96a5-77f91bd46b66,pending,FR,2025-06-10T04:19:40
5fd18699-916c-45ef-923c-20ab74eb8f85,failed,FJ,2025-12-08T05:50:17
81082ae6-7817-4de4-a9a0-b246b912e1bc,failed,KI,2024-06-21T08:30:31
42439687-e700-4aa1-bc18-f26abb54444a,pending,LY,2024-10-09T14:49:53
b4d70231-d154-4705-ae54-b774abeb5cd4,pending,GR,2025-04-04T11:23:37
754eddda-b795-4781-816c-6f1488143861,pending,BF,2026-02-17T21:33:51
cbc62857-eb0c-420b-8f90-7d12aa4947f3,pending,BO,2025-10-26T22:34:09
ad20b3cd-eda3-4e24-85bf-3cded3ce7a47,failed,NG,2025-01-28T02:57:05
02783f72-31b0-468e-bdf8-68da42971c63,verified,BG,2024-05-17T05:51:47
9a3ba286-1310-4029-a96f-f43c06306aa0,verified,GQ,2025-06-08T18:47:52
ba8a9883-6c33-439f-b485-28692ee27144,failed,PA,2026-01-23T22:43:22
36c878be-4509-4bc0-8621-65ff2c834ddf,verified,GN,2024-06-22T14:12:16
2764846f-f964-4d56-b0ae-6c102d4b7a99,pending,ES,2024-09-25T10:41:43
e1916d6d-4a0d-4981-a0a4-257780f19d85,pending,PA,2026-02-27T02:48:14
3613cc5a-6243-4f0c-be06-741f10e38c0c,verified,LK,2025-02-21T14:04:09
2e5e29ae-11d1-4b34-9b50-470594b57b2f,pending,PG,2026-01-30T13:41:17
fdc746d3-1780-4cb4-aa99-72cc4b66760f,failed,EC,2025-03-22T09:53:58
45c1b66d-19bb-4512-b292-33f99644f7b6,pending,NI,2024-11-29T14:14:13
5657fbcd-23e7-4323-a94c-b52203b23e1f,pending,GD,2024-12-12T08:24:21
ce1c3699-8cfc-45f2-8314-5670715377cd,verified,AZ,2025-07-17T12:07:51
6df889c4-c9db-481b-b54b-82680ba33372,verified,CO,2024-05-23T04:52:17
044f6ce1-b90c-4a6a-abbd-3661084c5585,pending,KZ,2024-07-30T15:27:09
b6a49fd6-f183-4009-bd06-8ce4d29ed0db,failed,EE,2024-04-18T13:50:16
05935018-7616-4548-b305-99c8cf79b65a,verified,BR,2026-02-14T04:54:54
ba729dfa-7c73-40cb-9468-73b74348da2c,verified,SY,2026-02-21T00:45:49
abf5e42a-6c02-4fef-8652-fae0b10ef529,pending,CA,2025-06-11T22:56:15
a44be274-b34b-485c-b026-689bf2e83d48,pending,PS,2026-01-02T17:59:56
bc65d1a2-369c-44d6-a26a-c82e44c3b27c,failed,KW,2024-12-09T09:23:56
990155af-b87b-470f-9c73-b9d60421569d,verified,DE,2025-12-22T19:42:16
517993fb-30fa-44c5-8517-e8cbf2f1c88d,failed,JP,2025-12-29T09:43:50
e720891c-729b-4313-bb8e-023a4214294a,pending,IS,2025-11-27T23:39:53
c89184ec-fa0d-46c9-8035-fb0a68186a35,pending,AE,2024-07-28T18:28:54
7d33f456-7ded-404a-9d55-6d66470dbdde,pending,AL,2024-05-22T06:53:09
b864851f-9cfc-4c22-8742-e82b369fd21f,failed,IL,2024-12-16T12:31:47
418804b1-fafa-4f3a-b89f-6a9b35bc5c59,failed,FM,2025-12-16T02:32:50
77ede993-4461-4e62-ad6b-cb581755b7d1,failed,IE,2025-01-18T03:29:47
3545deb9-0096-470f-b191-3daf24e07d19,pending,MN,2024-10-20T14:21:11
c7da8bc6-6453-4912-aab1-534da2bccaf9,failed,SV,2025-05-07T07:53:23
6f026416-18ea-4c4a-aa19-e75bd3907fa5,pending,AG,2025-04-08T05:19:53
31cd50f9-2fe2-45d8-930b-ba9305a78a28,failed,LR,2025-07-14T01:25:56
d85aac94-cfef-4263-beae-4944e13308b7,verified,GE,2025-07-30T05:22:33
b9b09807-b4a0-4ac6-880b-00874ea41030,pending,SD,2026-01-23T07:45:15
466efedd-ea4e-4d70-85cd-6db6e7cddded,failed,SE,2024-04-15T08:47:36
f7b1c39d-b3b7-4444-b5ba-47072d65ab00,failed,SB,2025-02-14T07:12:39
36c51ae7-4178-45d7-8c24-8137839176d3,failed,CL,2025-01-08T21:28:22
aa612197-edec-4ec4-b416-9790c213d031,pending,BH,2025-06-03T09:05:11
ada90414-be06-43b4-9d89-09983cf1f8e6,failed,BB,2024-11-03T07:30:56
7882db2b-fa70-43ce-b76e-0c4e6f771596,failed,CL,2025-06-21T16:53:29
5b3f4bb5-a5f6-417e-9bc8-70ea3d735b1d,failed,MH,2025-01-07T14:22:55
26395863-8a46-44ca-8e25-611994bee44f,failed,NI,2025-09-06T19:10:10
aea0bc5b-5cd5-4fe9-8cb8-92203a1f8643,verified,TV,2026-01-27T15:33:53
bb5ae20a-41de-466e-84d6-89475c4c6481,failed,NR,2025-06-13T00:17:06
97eb3b55-82b4-4177-8f51-985e505b10b4,pending,CA,2024-12-29T12:48:28
9549831e-5dfc-4e62-ac64-02e18021b741,failed,ST,2025-09-17T22:28:41
b2fc73f1-2258-408e-8c77-1b4fb8ab23b1,failed,VC,2025-10-16T00:30:31
03392924-4e9c-4734-94e7-c2615854801f,pending,LC,2024-07-25T00:18:44
5aa7527b-0857-458a-b0eb-418c87801e37,pending,SG,2025-05-13T14:48:19
0a7ad57c-dc1f-40de-a2d1-307d9455ebf3,verified,BI,2024-11-11T14:13:47
ffe806dc-fcb7-42a5-80a7-71365cc79e5a,pending,LR,2024-08-21T13:53:01
6ad9386b-2823-4394-8e80-d0007fdb8180,verified,TL,2024-09-16T11:57:44
c0f5e449-3554-4d2b-9f67-8f85c047f26f,failed,PL,2024-07-19T23:15:41
64c6f28b-d724-4375-af09-5fade7267815,verified,JO,2025-11-19T23:37:25
a47c1960-624e-4483-a99a-ed4fdcde8cb0,failed,SR,2025-02-02T23:58:24
71c96597-91ab-4bd4-914f-9b076bd20856,failed,BG,2024-11-08T02:48:46
10b06e12-70c6-4311-bfa8-a7dd725d4fdd,failed,EG,2026-01-26T08:26:28
8c0409bc-e438-4bed-8c3d-9117b6e0931f,pending,VU,2025-07-20T10:40:45
82ccdf05-ae19-483b-9228-b9d10d2fa1d2,verified,NL,2024-10-23T03:17:07
10322222-1f64-4c53-a85a-1d68707858c4,failed,FR,2025-01-07T17:36:24
c5d32696-4597-41cb-a5c3-3c015ff6c7f8,failed,NO,2026-02-14T08:03:42
bf3e998e-18e9-458e-84bb-fea1565f1b41,pending,UG,2025-02-21T20:26:53
afc1691a-b6c4-4394-be72-b111747fa4b7,failed,UZ,2024-06-23T17:12:04
93356b94-02d8-4211-a681-24303ab5c9bc,pending,LB,2025-01-22T04:23:21
0abaa29d-0c48-43f5-b23e-685844a67f5b,pending,LI,2025-11-29T20:18:10
abf99b3f-8769-41a6-9ae4-5e09b34fbbe7,pending,BR,2025-09-27T09:06:22
ba3b2017-a293-4da2-a167-ea8b6c9b59dd,pending,BY,2024-11-11T22:38:34
c210d6a8-cf72-4866-841f-c68be8a4735e,verified,LB,2026-02-20T00:58:09
b472b863-4a5b-46df-853a-45873cc9c2a3,failed,BS,2025-02-16T06:51:15
cf88d115-51f5-40d0-b58b-de5e2e8aafb2,pending,SG,2025-09-01T14:39:47
6f72c224-ccd1-4be9-9025-bea2d60cb56d,pending,CY,2025-07-02T20:43:19
7ac1c82b-075a-4e81-8624-776310fd25b2,pending,DJ,2025-04-08T03:45:33
d5bfea3f-a8e3-4f53-ae9d-d6e5d90c815e,pending,LS,2025-03-05T06:49:43
5a96abd4-d2e8-44d6-9706-573faa9aad12,pending,GM,2025-08-21T20:34:24
afae509c-107c-4d06-86e6-26025d5a0db4,pending,TD,2025-04-15T22:07:50
24ce6616-041f-4f13-ac63-5204ee2a21e4,verified,PA,2024-12-11T23:00:51
02fca08b-fa51-4098-9e8d-fcb552622e11,verified,LT,2024-04-27T13:58:10
05412bec-9b00-4a70-82fa-9c96638bb656,verified,CM,2025-08-24T04:26:10
863bd771-2947-467a-b324-ab63c7b0e5b9,verified,KN,2024-08-18T23:52:14
5b3400d7-5586-44b2-ae59-3c68f7d52ade,pending,NP,2024-04-22T15:31:28
4ec65900-07ca-4234-b72e-087a84e0687e,pending,SR,2024-12-12T09:02:00
3f909c76-3674-4cd1-8420-f7806fce78c2,pending,BJ,2024-11-28T00:27:04
87aae9cf-3069-46f8-80c8-f042d1f12325,verified,CI,2025-12-12T08:17:10
5cd02142-83fc-4600-8e8e-9012150444c0,pending,VC,2026-03-08T09:02:43
891a429e-f9fd-41f9-a6de-1827fbb42f92,verified,KP,2025-07-13T02:22:28
eff40643-f676-4d88-a360-99a96e466eb4,pending,DJ,2025-10-27T22:49:50
a9048adf-bb90-4db4-9f12-6e51d553de49,verified,ER,2025-06-29T09:11:49
b7edfada-e124-4bd7-9dfd-fdb9c14c22e6,pending,JM,2025-06-22T16:10:57
18bb3ea6-8707-49bc-917a-b35049d14b64,verified,EG,2025-08-12T04:20:47
e383d3d8-2d7a-4a71-9aa1-db3e5a7c0dad,pending,SN,2024-07-14T09:14:52
a7a1f75f-784a-4434-8be5-38c5639c637a,verified,GR,2025-12-16T10:27:19
afd7566e-f8db-4050-ac84-a57b0dc4231e,failed,MW,2025-12-03T05:27:56
adb96c96-d357-43e6-a354-8e3489426c5e,pending,NR,2024-12-23T13:03:56
073e3bc2-a542-4804-83fb-fef2382cc822,failed,AO,2024-11-17T20:37:58
ed08af07-9feb-4b6e-94c7-9d1df895758e,verified,RW,2025-08-11T11:18:43
e41f57ee-d4b2-42f2-bcf8-e4232eedb8a0,pending,MN,2024-11-10T01:13:25
85724ea3-d856-412f-81d2-92d9ac087a4a,failed,VU,2024-08-01T14:36:45
c250661a-f0e8-494b-a8fa-37ce2505910d,verified,CU,2025-10-26T13:31:14
5ebcc257-b872-41d8-9799-81bc6d2012e0,pending,UG,2025-05-15T19:18:18
0ecb06cb-b25e-40dc-af65-e3af4245bb0e,failed,BW,2024-10-21T09:51:58
ab0f5496-920f-40f6-9fe0-769b700f192b,pending,KE,2025-10-02T15:04:27
524020f2-ff80-4410-bb3a-5e8b19da5fdf,pending,MR,2024-09-11T19:24:52
a7159dd7-07e4-492f-b03c-3ad81a9f22d5,failed,IE,2024-08-06T22:34:05
76862d55-b8df-4b19-969b-4168ab414d69,failed,BE,2026-03-24T17:21:18
338071ca-1ecb-4133-82c9-a549a3ddfc3c,pending,TR,2024-08-28T01:06:54
9b28612d-86dc-48a6-b787-3181e318f81f,failed,ER,2024-12-05T11:18:55
85d3fd02-e884-4b7f-985b-05e12ae6377b,verified,LK,2025-09-22T20:12:06
be4ff883-f7fa-4004-aec1-61fd04f226af,pending,BH,2026-03-30T09:38:02
396e761d-09ca-4a3d-8fb0-d39308525086,pending,PY,2024-12-12T16:33:16
a000d19f-0a74-4671-bb55-498248ef7810,pending,CZ,2025-05-08T10:17:34
1bacf9a5-77f7-4986-8c9d-b817e32cf548,failed,VN,2025-10-09T06:55:25
d79b1d6f-e60d-4c4a-ba1a-ce076014a530,pending,AF,2024-06-17T23:50:53
86f90bbd-dc9a-4873-89f9-82317a210eae,failed,AO,2024-12-12T19:34:56
b6d2523b-308e-40c4-a5d1-30cd4d56462c,pending,GD,2024-10-08T21:11:38
876015d0-fda8-457a-b39d-5b3f50d16d50,failed,LY,2025-12-05T09:17:47
a5e6e930-8b8d-4b0c-b2b5-61dba111fddf,failed,PY,2026-02-17T02:43:23
2c655d14-d6f3-476f-8d3a-6615c51e7c22,failed,CU,2024-05-20T21:32:05
3c3984f3-ba66-4a65-aa4d-57ddab812e68,failed,KM,2024-12-06T11:23:14
5a4a61eb-ced5-469b-909c-f4e5790bf24a,verified,LI,2024-05-21T04:38:00
75709722-b7b6-4ca8-afd7-15462f2d611d,pending,MG,2025-10-29T17:33:39
edb69c59-6513-4284-9ab2-224f114fd57e,verified,MM,2025-12-04T04:42:41
899759a8-2e41-4d4e-b3df-af3c14f46482,pending,IQ,2026-02-10T20:02:24
a8b7cae0-524a-4dfa-8653-c123074e2836,pending,TV,2025-07-02T12:34:12
6c1465dc-f4ff-4847-8999-ee306c1e6dbc,pending,UA,2025-09-11T11:54:18
2c43f799-4732-4a6b-8e7d-2dc2f7e6c025,verified,NR,2024-11-27T23:57:45
5c8049c8-f241-4513-9155-a2a1337dad5a,pending,AM,2025-12-18T23:45:01
2f393542-cd92-4023-bc39-b44f5c5428f0,verified,GD,2024-09-07T00:25:48
92731922-b642-4d2b-a389-1d214b8307ad,verified,KR,2024-05-28T16:04:40
35277ad4-10cb-4fbd-ad5c-0302359d93c0,pending,LV,2025-09-06T13:17:33
bc783c41-4c38-40eb-b064-f6754cba943b,verified,LB,2025-09-11T02:03:43
48efe3d5-58bb-460e-aeaa-57b50302c1ee,failed,JM,2025-05-18T23:03:20
ee357ff2-9999-4474-b50e-c63bf906952a,failed,NG,2024-10-27T10:01:28
67aaa4b1-c554-41d4-8562-e464c48584ee,verified,CV,2025-10-20T12:10:32
7bacac8a-a7de-42cf-a149-866d88fa278d,failed,YE,2025-12-29T10:34:32
5acd1f90-a561-400f-baaa-f344465fda8a,pending,NL,2025-10-02T03:18:12
d5c684e8-90de-4ab0-ba16-e8d6cef7be68,verified,SC,2026-01-11T20:33:32
fa6c229b-9b8c-40ac-8583-cc3d5d8df595,verified,KH,2024-12-06T10:20:19
8d05ef85-ec03-4842-8d7f-f88eea61e9a3,pending,ES,2024-12-20T16:04:01
fe6d27fb-183c-4db6-a0a4-21cbbcec7be6,failed,CH,2026-02-03T06:05:01
d3077e30-3d4a-4bfd-8523-dc841079c459,verified,KW,2024-05-30T05:48:23
bb9e9deb-35cb-4a24-93f4-2b2a065e5200,pending,KP,2025-02-23T05:25:12
5632a1fe-f398-459e-a216-02f683e02184,pending,VA,2024-05-21T03:52:30
773b3073-c48b-4b9d-865d-479991401a0b,verified,US,2025-05-25T07:39:05
c120b263-35db-44ab-a4b3-d1b20bd727f6,failed,AT,2024-05-09T18:52:14
ed196ca2-eac3-4b7d-b3ea-6d33addee69b,pending,NL,2025-01-20T17:42:03
8b971715-f95f-4ff0-a32d-ead58f755fec,pending,BW,2024-09-24T03:45:22
78c8df35-15da-4de1-9ee1-04adfc82977b,failed,BA,2026-01-10T14:33:36
7c96b138-d94d-4594-8b2b-a3bdf367c576,verified,BI,2025-08-18T13:24:54
642c3a87-7735-4389-ba83-47854c843f24,pending,SG,2024-06-23T15:43:50
a01e0951-61de-42e1-a43e-7ebd94ea0acc,verified,BD,2025-07-06T06:22:02
dc0f6237-e447-4c27-a342-a2ab977059ad,pending,VC,2025-03-21T01:23:58
bd6d86c7-8593-4763-b6f8-85bfc02e5fdf,failed,AO,2025-09-29T04:05:37
f46ab304-2bb9-4182-a240-759164dfb881,verified,LB,2026-01-23T07:07:58
1e8847fc-aa0c-43ed-98a1-04d9e201bd9d,failed,AO,2025-01-17T06:30:10
a64135f1-27d9-4a57-8a85-f845e5494d08,failed,UG,2025-08-23T13:02:34
8caf7e91-a90d-40f7-a3c4-2f0eb05f5b92,verified,SI,2025-01-15T15:01:23
43a77b0f-f069-4c71-b6d4-7b2ad4fd621f,failed,LK,2026-02-09T16:34:37
1a8cc418-1d7a-4d6f-aa84-32ae9b2fa219,pending,CZ,2026-01-07T22:58:14
db0919b8-8994-47c8-9ec5-e1f8135bb336,failed,SD,2026-03-26T23:01:42
68733015-606f-4b04-9dc8-088af43e32c7,pending,FM,2025-06-07T22:00:13
92adb0c4-ddb9-4401-b922-f8b42ff3259d,pending,BD,2025-10-30T19:32:33
da47045f-559c-4cb6-9329-9029ba80a26d,pending,LY,2025-12-17T16:14:57
9e36d742-774a-4577-9210-affc495fb467,pending,LB,2024-09-26T04:18:57
1ead3d87-e7fb-4307-9af1-0a63e4063a9b,pending,CM,2024-08-26T03:00:26
e34c68d8-d580-4445-948c-223446055a63,failed,MA,2024-06-20T06:57:57
01286c7a-1215-4adb-9fbf-d304362e94d0,verified,AE,2026-01-19T16:48:22
684f658d-73a6-42b4-82a6-b0daef15a16d,verified,UA,2024-07-25T22:14:33
fefaffdc-e9fd-4543-b76b-bb40cb4ae884,failed,LT,2024-08-20T20:59:26
6e47cffa-2f55-4937-a8fd-236799692c52,pending,RW,2024-05-12T12:58:26
d06ff233-7b3a-4867-96b1-19f0b9cc5305,failed,RU,2025-11-11T22:16:50
de1be261-f3d9-469c-b6d1-2edd058ab80d,verified,IR,2024-08-26T20:43:58
d8fcabad-02eb-443b-a7ee-1a61c37ddcdf,failed,SV,2025-04-16T09:42:00
7fa9cbc4-55cc-402d-a539-8b9944f970cb,failed,AZ,2025-08-19T21:18:20
66dea987-9f33-4ad6-9603-f157856a179d,verified,PS,2026-04-01T21:27:14
dca512e0-5a7d-4fa2-aee9-451fb91da78e,pending,PK,2025-08-08T17:34:55
94a0e951-bf92-4948-af29-2d82fd371e8a,pending,ER,2026-01-02T22:39:23
ac07ff26-0bcf-4831-9674-4a571eff227c,verified,CH,2025-03-31T04:58:53
4598ec53-9d88-47f8-b240-350cc4ff5685,verified,BF,2024-11-23T10:39:33
6810fd34-48f8-431a-83c7-f54ee2f2565b,verified,GD,2024-09-18T05:02:01
284e9c07-4485-4750-8e10-bddb9cb84ca3,pending,YE,2024-10-23T13:44:46
983cc6e5-b7c5-4008-8ca0-4cf822c69f12,failed,SO,2025-05-15T10:44:44
63d80078-79fc-480d-91d9-cab48d6e9991,failed,HN,2025-11-29T18:42:23
2641065a-98b3-48bd-90a8-f87e633296de,verified,EC,2025-04-16T05:50:31
e8c911d2-6729-47be-b52c-14f87824c935,failed,MM,2025-08-21T01:48:22
67f88b2c-0248-42d7-9727-b1f203dd8cd6,failed,KN,2025-12-24T18:19:34
ec3faf3e-88d9-4ac7-823b-67530096076d,verified,TV,2024-04-12T23:31:03
86edad2a-a2d2-421e-b687-dce649715007,verified,AO,2024-10-24T09:55:10
52b24c12-c554-41c8-9e0c-d695dd2bca31,pending,NL,2025-01-11T16:48:35
1ab369d3-3ae1-4479-9fd9-95c7a2d00d32,verified,MX,2025-07-11T17:09:20
499071cf-eec6-402b-b832-f03b4f4a7d7a,verified,KE,2025-02-12T17:47:16
8a345890-f939-446e-a2e3-8db67a4564a2,pending,UZ,2025-03-26T02:09:48
3100bee4-6be9-4bf4-8e11-2c88698324da,pending,GM,2024-12-15T22:07:38
c3d58baa-4f71-42c9-85d4-e19a4598aec9,failed,IQ,2024-10-19T03:39:51
44bfc014-d65b-49d9-9c92-8caa67f5bc78,pending,FR,2025-02-12T00:41:21
5529efde-d908-4c86-b6d4-61cc39c3addb,pending,LS,2025-03-04T01:51:28
2e20c7ce-af82-4c8d-b3ae-8c3ef8ebbebf,failed,DO,2025-08-13T12:12:21
8f02f132-3eb1-4ea4-91a2-f41c14bf1cc6,verified,LR,2025-07-13T19:29:23
cc5a719c-1cc8-4e96-ba47-3fe28b9c5b4b,failed,OM,2025-05-11T10:57:19
9f79a370-5b0c-42b9-a3ff-e59025f10859,verified,PK,2024-08-31T12:44:36
dddce18d-129c-474b-86fd-0327115ae9b7,failed,LK,2024-09-22T18:46:52
3e7c1734-df6d-4b7a-99a8-470abc984669,pending,SZ,2024-05-03T23:34:02
1ac15975-5a7f-47c8-baf5-fbb423da8344,verified,IS,2026-01-31T23:16:31
0fbd4051-1fe7-416d-9e5f-85951350922e,pending,CR,2025-01-10T13:17:16
992ec28e-41cf-4a4d-b871-339e46d0ffcf,verified,LR,2025-10-25T23:14:51
4e697e27-b38e-4268-9f3a-162baab02aa5,pending,CG,2024-10-27T17:54:33
aa742b81-64ad-49b0-9d44-69c0cb7aad52,pending,TJ,2025-04-16T02:05:04
f028913a-e3e5-479e-859b-4c4dc53adf71,pending,NL,2024-04-16T09:40:49
c9f81785-ba11-4023-9a21-83d97dff3575,pending,NA,2024-06-10T00:31:17
f8d5b074-283d-4bb2-a83d-5071d6d818e1,pending,UY,2026-03-01T07:35:20
40ecf7b4-1686-43a4-a5e1-3df78b1b1e99,verified,NZ,2025-11-23T17:12:04
a42d6905-5cdd-4c59-a79e-a4475a612b47,pending,EE,2024-08-20T02:04:26
416dc724-7d09-4dff-9e5c-de5b40f5ad93,failed,AF,2024-08-15T02:37:16
dd45fcc9-5ce0-4419-ba26-7004c8c5cee0,pending,AL,2026-01-14T11:43:15
ef5bc4e6-9876-4216-b14c-9c96df3cec19,failed,TN,2026-02-11T19:28:36
4683711a-e818-4618-9718-919a7f40c5d2,pending,BD,2024-04-11T07:38:02
be6df9b4-0c5c-4e45-88f7-3629491cd4c6,verified,SB,2025-08-30T08:44:23
84a72acc-81c0-43f7-bfea-b4f890c0ef78,pending,HU,2025-10-02T22:10:07
bd3a80d9-b6cb-4845-aa21-96366c0b4a34,failed,GR,2026-02-24T01:10:00
9ca45dac-76f0-4f45-b687-c57847945369,failed,CG,2024-12-30T10:12:53
ce99d324-3b45-4cdc-a3bc-553dc0d577e3,failed,GB,2024-05-03T10:26:26
5ab36778-d503-4773-99fc-aef5c31c176b,verified,KP,2025-12-04T05:06:46
1e129f6d-7da7-4665-a72e-21a40cfb51a4,verified,LA,2024-05-08T22:43:10
80147eaf-8b1f-4cb8-a663-1fec9abfd0e5,verified,LR,2025-06-27T19:20:25
2c0d0fda-06d5-4600-bfb2-4b344b7098e4,pending,QA,2024-06-29T19:59:17
31fc7f50-7635-41d1-a56b-e38b52b55521,pending,KN,2025-12-07T19:52:39
6c297106-345a-48aa-9d45-2f1ee639866b,failed,IS,2025-11-14T17:47:54
4502cae2-867b-454f-a5bf-c128078803e8,pending,CY,2025-04-03T11:11:52
6981122c-13f0-41e2-a8ba-04371b0d891c,failed,TO,2024-04-27T02:17:14
2aaef700-df64-415e-8bd9-4f8ba63ae091,verified,MM,2025-02-08T21:36:36
79257d58-1c61-4e1a-85a7-511353a827b3,pending,MR,2024-09-23T02:49:03
75465c2c-9286-4a4b-93f2-ba249e20113f,failed,GH,2024-05-29T01:56:17
f8e66e0d-a969-474e-91e1-e10570f790fe,pending,LV,2026-03-14T20:20:44
4472ddf8-11a1-4563-9d43-39b9a6df96c8,verified,TV,2025-02-28T11:32:08
0ad03f5b-cb50-47a7-8190-6e2e2653df35,failed,FJ,2024-11-27T01:12:04
aec717ec-36f4-42b0-be57-ac719fd0bee6,failed,DE,2025-08-28T03:46:23
9d013c08-bfa8-4162-a515-76f1bfe4393c,pending,JO,2024-06-30T18:40:14
f84c9740-9b83-4b11-adbc-a6a6d90da33d,verified,ES,2024-06-05T18:51:04
ce8ae3e0-aff9-40d3-9243-4376da71090f,verified,GA,2024-07-24T18:18:45
b676ff91-9508-4626-be1f-d6c58b7cfc17,failed,NP,2025-11-30T00:12:19
b9645bb5-cb8e-4f16-b2c2-ceb2336e73c7,failed,DZ,2026-02-18T17:03:46
5164418d-4be9-4384-a147-a1c8a2ff69a1,verified,BJ,2025-03-07T17:22:55
dc2b1db8-9bc0-4b5e-ba99-ef2a41a470cc,pending,SO,2025-05-04T08:38:31
5ac02ee1-4e42-4995-8c6e-236b9f4fe5db,verified,UZ,2025-02-16T09:59:34
92672fd7-3b18-4bf4-a655-cd072cf154ed,failed,GN,2024-10-19T19:58:04
623b51a6-ef57-4765-b844-fcb0ee61fe98,failed,US,2026-01-30T19:09:42
4408bc80-e1f7-479c-86c2-33775101eb06,failed,PW,2024-04-05T22:57:26
8254e339-e189-4c1c-b82f-b756befb410f,pending,DK,2024-05-16T15:17:37
1726e49b-c1ee-4119-afc3-ce29f30f9e4d,verified,SC,2025-09-18T00:01:18
48c68059-2381-4f61-b8a5-8166597d3e7d,verified,BW,2025-09-09T08:11:29
abc49cd6-f396-44aa-b535-a58f9f6bd0c5,pending,SE,2025-07-14T19:31:19
9c4cae08-2fb2-4ee4-9bab-25899aa1259c,failed,SY,2025-07-22T20:15:46
aa6e78b8-719b-42eb-93d2-099aed5354aa,verified,LB,2025-11-13T06:12:51
ed3fb9ee-3531-433e-8995-633584c2387b,pending,PG,2025-06-18T05:24:28
913569a1-e1e3-4e06-95c5-acd08b3d0509,failed,JO,2024-06-20T08:35:12
6f1e725c-2dff-43d7-ab5e-98a8d6b38496,pending,GD,2025-03-11T17:56:46
ade5d701-8120-4cd2-894a-55d627867fee,failed,SC,2024-12-29T00:02:19
6a246618-b675-47fc-9b87-44dfeca3c5b3,failed,DE,2025-06-05T05:06:18
927a254d-d0b4-45a9-b2e0-1c2b5a436a09,verified,MR,2024-07-09T23:21:54
b0f9c35d-6bb3-4aec-ba6e-f10dcb36bb85,pending,ZW,2025-10-26T01:33:03
bad3e851-ed22-4a92-9604-7d61a049bef3,failed,PL,2024-12-12T05:50:09
4f4fe90a-c2da-451a-8859-5048e7a9c79c,verified,PS,2025-05-28T04:25:17
06e2f42b-5401-4e40-a2fc-8408de6fd013,pending,LV,2025-06-05T22:46:33
00dce28e-2308-4bec-aada-7e815dea7245,pending,TV,2024-10-04T06:52:31
22c8c10c-a38e-4734-b0ba-f1de044272a6,pending,SN,2024-05-10T03:12:41
a3306dc5-a8ca-404a-a5d7-fb02f6b8d9c4,pending,LK,2026-02-13T10:31:27
8b150748-fd55-459e-bdd7-f1f69c83d786,verified,MW,2024-06-04T14:55:12
9b7f7f24-3a5e-466c-9a90-fbc917c3a0cd,pending,FI,2024-11-17T05:57:58
c9b8c0a0-9347-405c-b057-cc0fc7f4b8de,pending,SY,2024-05-02T04:28:51
d09059ff-04d2-4ff0-9681-88238dbbdb74,pending,TM,2025-09-06T06:26:01
482c7c70-8826-4c74-9d36-e42a8bbf6abf,verified,IL,2024-11-24T14:18:33
9a203bee-7cd4-4568-8359-29830862bc87,verified,IS,2025-10-23T14:00:29
9ce18cea-61da-445f-8ba4-3742d091f6a3,verified,BI,2025-12-06T00:36:42
bf783d89-1bcc-4739-a4f5-1f7a13713339,verified,UA,2024-09-25T02:33:34
14c9af79-9556-46fb-89f9-9839824948d7,verified,TL,2025-11-14T06:21:28
4af004c9-d20f-42b5-b2cc-cd78684f0e11,pending,EE,2024-04-03T14:33:07
1ff399c8-7f93-4a6c-85d1-4194ee8c49df,pending,SK,2026-03-04T17:43:00
3015641c-ddd4-4195-976c-cd64bbfcccf0,failed,CO,2025-03-14T02:36:40
a92d1aac-2e0c-4f44-abe7-4c51aa508f73,pending,SD,2025-04-03T15:27:14
4ea6fbc2-2c54-4512-8b9f-177299641fe9,pending,TL,2026-03-15T15:33:22
87a8a352-5dbb-48f3-b1e3-5dee58f4612c,verified,HR,2025-01-03T12:13:16
24f65e1c-ab7a-4335-b6f6-e516eb8511eb,pending,MG,2024-12-21T02:12:49
8ab4f0b4-52f5-45ca-8c35-338eb2822bdd,failed,TT,2024-06-02T10:11:49
41bf5ba7-7bde-4814-b54c-0f417b6698b5,pending,CR,2026-03-23T03:16:21
1650ecf8-fd5c-40ea-b581-5fa38a39c340,verified,MM,2025-05-18T22:12:48
d8f68d15-d8c6-42e6-a0a1-6811ee39e118,pending,SK,2025-12-03T13:16:47
6aea9a93-1359-4cad-9902-4f7360ac3de5,pending,IT,2025-07-23T04:35:53
819687dd-f50a-4415-becf-0c065df15f78,failed,SL,2024-06-24T08:33:54
0d4d074e-04bb-430e-8e3c-bf2feef8cde4,verified,LV,2025-08-04T05:04:27
4bcb271f-ddfd-4f1a-abd1-54cfcc07a235,verified,RO,2026-03-21T09:49:20
50ec6b64-3eaf-4ef1-ac88-65f836ebb8ba,pending,TR,2025-05-30T12:05:50
a0b35544-e413-4502-90da-69f13a128c17,verified,SE,2024-05-24T11:14:05
aa36de67-44ce-456d-83bd-cdd9841b3265,pending,SL,2026-03-08T05:05:21
64424dd3-8314-484b-9b71-0c7d0a739e53,pending,KM,2024-05-19T18:37:13
7793517f-0011-4bff-a07a-f3d4ffb1bd51,verified,LC,2025-02-02T15:55:06
7047d995-8b9b-44de-a0da-b7aef7c2dd05,pending,ST,2025-11-06T01:32:00
6d686876-7048-44aa-b053-d43d14565ae7,failed,AT,2025-08-28T00:48:01
fa066203-2e84-4fa7-98d3-dc636e1bbafe,pending,CH,2024-04-20T01:40:15
82681c4e-5ba0-45fb-8af2-b0f464d462a9,pending,CZ,2025-07-01T20:49:32
75f2dc5c-62ce-4cff-a8a2-e7691a682ad3,failed,BF,2025-11-14T20:57:44
c1828343-82d6-4334-889e-29909f35cc71,pending,GD,2024-07-20T01:09:08
017c178e-065f-4aa1-a48f-7835e2d30280,verified,MD,2025-10-17T15:24:48
6ca8d089-4886-47d1-a133-b22dda2f2c74,pending,MW,2024-04-06T22:06:11
395443af-c6f5-4402-9446-4e341a1da70d,pending,TW,2025-03-10T20:06:30
7d0f8c06-e3e7-401f-aaae-05686fb7c663,verified,ES,2024-06-04T05:28:38
50ae36d6-a222-478b-b819-f4164c051a62,verified,IN,2025-11-14T10:39:25
9301c49d-e04f-4c50-bd2d-ea3b3defedb7,failed,SO,2024-10-26T09:26:57
cd8c3f18-cf84-4ed7-b017-65fe5d904082,failed,AE,2024-04-26T23:32:25
dffadc0a-0f7e-477b-ba37-a88a980469c4,verified,PH,2026-03-16T04:51:57
834f9b84-12f4-4c5d-84d2-14640e6df22c,failed,MN,2024-10-20T11:48:49
242f27b8-7a2e-454b-b2e1-75354d8ebfd3,verified,IR,2024-09-17T12:12:26
1a7de078-7009-422b-90f8-54986747562c,pending,LR,2025-05-23T04:10:43
754f33fa-d244-425a-9f0e-c6dfcefaeb04,pending,UG,2024-06-07T21:24:43
6c4d417d-e7db-4aeb-9067-a21cd7a3f153,failed,CA,2024-04-17T01:43:14
73a15d77-fc3e-4302-9581-a27d78920d8a,verified,SV,2025-05-22T07:30:04
e15bf265-e2e5-4c81-8189-67d61d572ba7,verified,LC,2025-01-29T15:26:18
eb3ccbf0-6a5e-44d7-8f12-68740cff6b2b,failed,MC,2025-04-04T08:42:17
5dd42b16-409b-4228-8053-b8ff70ad559a,pending,NI,2025-06-03T02:39:05
554da225-21f0-4bd6-b238-bdbd0da69ae1,failed,LY,2024-09-06T15:23:56
e95544b9-a6b4-457e-93bf-6208dac62827,failed,NL,2026-01-28T20:17:45
a062e4ae-cebb-4904-b76a-c18135726350,pending,PY,2025-07-22T03:56:50
f8e6ee0d-a756-44be-8fe9-5a6c545beefe,verified,GY,2025-07-08T18:23:47
bf95d27a-d482-4f95-bbc4-0acbb1ceff8d,verified,LA,2024-10-12T04:14:13
b36e1714-f6f6-49a7-b1e2-3095426dd566,failed,LC,2024-11-15T07:21:16
1634d78a-75d2-455b-b2a9-fab2eb294737,failed,BY,2024-11-20T18:46:02
c2c02cd2-85fb-4bbe-8bed-b045271d3c1d,verified,CH,2025-06-27T11:31:25
ca1edee8-91f6-44b6-99d4-65f5be0cd8e0,failed,PE,2026-02-10T06:03:29
bbd8abe0-5e5a-4ecd-8e4a-6bf0d7d30cae,pending,SR,2025-12-04T18:27:03
2abc2de3-2421-4502-95e6-8efe6d2a1bda,verified,IN,2024-04-08T11:53:35
fec8c079-dc46-484d-aa13-f068271aa0c3,pending,DK,2025-11-30T18:48:36
669ba5c4-282c-4f43-9b3a-2c8549ea6d52,failed,MC,2026-04-01T10:47:53
5c31d0aa-de89-4214-b46d-e31ff6ca68e1,pending,TR,2024-09-06T22:06:46
6c0b1ba9-0acf-49fc-a4df-987515355f1d,verified,NL,2025-08-08T10:58:32
6bb4e0ca-5001-42b2-b5d9-8bd70aebd2e4,failed,AD,2025-07-01T08:21:31
c6b1de52-c4c5-4416-b1ca-9eafe013d0b0,verified,SR,2024-04-21T10:49:22
83c25bf1-b357-400d-9d07-1750f49e251f,verified,YE,2024-11-09T21:14:47
6159ba34-ea2d-4954-b2aa-5db9be8b1382,pending,BZ,2025-11-27T00:30:09
8d0f460d-72e4-4f19-ad90-1b663dac2e8b,pending,EC,2024-09-25T08:42:05
f4b6a3fc-851f-4b47-b3f1-6f1fc5db057d,verified,TJ,2024-06-21T05:47:44
a97c079d-a4fe-4771-9653-d584cafff62a,verified,TD,2026-01-19T11:36:02
3b542b46-9796-4d61-acf7-f67240316b61,verified,NI,2025-05-22T09:43:53
dca46e58-3992-4806-ae48-6cc203762636,pending,TO,2025-02-09T09:57:10
46430d16-b36e-41da-843e-15a794e5dbe8,pending,PE,2024-10-28T06:03:59
00b2a0fe-4dab-4ad6-9fd3-da8cfab68d9a,pending,MD,2025-06-18T00:42:32
77a900d6-d51b-4116-956d-ea4d1e003b6e,verified,CO,2024-04-12T02:36:02
8a330caa-41e3-4f30-8c44-3f2e2a104e7e,failed,ES,2025-02-02T05:36:43
b8afaf8c-c792-44c2-b6ef-d4611da7ebb0,pending,CD,2025-06-22T14:18:22
4c89a43f-a2bc-4259-bc30-667f36acc939,failed,TW,2025-04-07T13:06:43
676cb475-39ac-4d38-9ef0-14dbe2df89e9,failed,ES,2025-04-19T00:06:40
3e10bd1d-e774-457b-a819-dca518ef8845,failed,PH,2024-06-28T15:04:50
fe399589-c052-4a90-b2b4-399e8657dc83,failed,DJ,2025-10-29T09:01:09
82b29d54-af7d-4c0d-a61e-ac29bacc8cbc,verified,ET,2024-12-18T02:13:19
9cb978f9-08b1-4056-8a5e-d325bd3a4acb,verified,FI,2024-09-17T20:03:07
50184d28-ff42-4242-9f09-698850936426,failed,GA,2025-03-12T10:18:38
70810fce-f36d-4656-8ad8-3fb5609b5cc0,failed,LK,2026-03-26T02:31:39
56f7ecb3-ad66-4df2-83ab-b966d8458777,verified,TM,2025-12-18T06:18:16
ada95d0c-42fe-44ba-a8fe-2ee2735ee682,pending,MT,2024-09-11T05:43:08
d28804f8-1b63-45ed-9131-74c981b54d39,failed,SN,2024-12-12T08:08:37
6e07f139-067e-4811-a40d-d9d54fbb35d4,pending,IT,2025-04-04T23:04:02
f7a28465-ec7b-4953-a921-5ce010827905,failed,NG,2026-01-02T08:16:59
ddebcdc2-cfe4-45c2-aa60-b4f0c8921ddf,pending,AR,2025-03-05T11:43:50
045df4f8-8853-48b3-aa96-69cc95c49c6d,failed,ZW,2025-05-27T23:37:40
319bfe87-52ff-462d-8db4-a3556dc3dc43,verified,UY,2025-06-06T09:04:07
c4fed226-be2a-4cd7-87b2-2074acac5db8,pending,PW,2026-01-31T03:26:35
67a9bd2c-9895-4600-8156-e7bc8eaf35fe,failed,GH,2025-06-14T05:55:29
f066bd0b-c023-436a-abd2-c546d9591660,pending,CD,2025-02-20T00:20:38
7e8563a8-666d-4025-95f1-77ba23678dbc,failed,SA,2025-01-26T01:12:44
3031cd69-256e-4074-9e1a-c5a82c32e6ec,verified,KR,2025-03-14T08:00:38
f9b44084-d6f5-4f98-bb96-13d7fcbf18da,verified,VN,2026-02-18T15:43:22
0993e1d5-f932-4f29-b2c0-c49f082518a9,failed,KW,2024-04-15T13:32:44
3ba64573-86e1-4f80-b1ca-4db7b237f9b7,verified,ME,2025-07-14T01:57:49
f156b51e-e733-48f0-8f74-16781d67dbe6,verified,SC,2025-12-03T07:28:34
3177a5c8-a462-4c1d-8f05-66c3b6eb9c9b,pending,NI,2025-03-05T21:24:23
2d67c9cc-669f-406d-a2a3-2a792b211fad,pending,SA,2025-09-29T04:54:12
67241c3b-aee1-421f-ab17-c4e97df1170b,verified,NO,2024-04-03T19:47:09
febedc91-2c81-4d6f-b3f9-45b988055dbd,failed,ME,2026-03-25T08:12:46
c53e5bbc-c415-4184-82ca-e31648ee6975,pending,AT,2025-07-22T00:42:44
37d5fcad-c000-4896-b92b-6fb1b289c2b7,verified,GM,2024-09-25T03:15:18
ab0c232b-5be9-4b91-9169-fab6f53dbbbf,failed,BF,2024-04-26T23:02:12
fe7a6e65-9bba-4daa-b1e1-1c574110716d,failed,NI,2024-04-23T00:05:08
10bf7e07-c382-4b6e-b948-c86607b26192,failed,BB,2025-05-14T03:26:08
24652af7-24b6-4796-ab30-3c2ed5757ade,failed,RW,2024-08-19T22:10:15
b86d7972-66f5-40f2-94fa-4961401622e5,failed,LV,2024-12-25T05:32:01
40d0b9fe-4edf-4ff9-9b79-515909a7aef7,verified,VU,2026-01-02T19:35:03
f1632326-c6a2-4adb-b3c4-686f1253d1a9,pending,GH,2025-06-13T22:34:50
6a4383e5-0b0d-45a7-a871-f931dbf0f0dd,pending,SR,2025-01-20T00:12:40
c1c309b4-9b97-4339-ba4d-63c045100c5a,pending,FR,2024-10-23T03:26:01
c6bf774f-e02b-4f75-9c5d-c5dd2fc134ce,verified,LY,2025-03-04T09:27:02
4b454e31-1af4-406a-92c3-61b80c355634,verified,MZ,2025-01-01T02:14:32
b1b7709d-013a-4787-bf11-3ce12ebe70ec,failed,HN,2024-05-10T09:00:46
7005a650-c767-4818-89e3-ccbe6869d5b5,pending,GW,2024-06-02T09:32:34
69dd5ef3-032e-43fc-bbf5-24a611a29167,pending,VE,2025-02-08T00:42:38
a9f3fb33-43dc-45ad-9582-563f9b6e74a4,verified,SE,2026-04-03T04:02:23
7d3ddc70-9356-4f5b-add0-50f81e104b90,pending,TT,2024-07-15T13:51:44
d4357744-cc03-41ac-a52e-a9784c1b3896,pending,HR,2025-11-13T21:54:32
49660059-a90c-41ad-af3b-22e61260340f,verified,MG,2024-12-13T11:31:36
df65d56a-1cbf-46de-b529-65a0da1345f6,verified,AL,2025-12-13T05:00:45
2b2068d4-e89b-46d0-a557-33ee9f156767,failed,KZ,2024-10-02T22:48:59
a9a9eb4c-b19e-4cf9-b6f2-ce17f6e8055b,failed,TO,2025-03-29T19:52:18
52bc322a-ce5c-47d7-98c6-485ded4b302c,pending,PL,2025-09-26T22:44:43
a5d8c8ca-bbf9-47dc-b40e-c48be5976302,pending,BE,2025-09-27T14:32:16
951a4b0b-bb70-4a0d-87e1-cdf92fdd1ea5,pending,LA,2024-11-14T04:32:43
dcb8d650-97c2-4fa7-8dba-31ce1ea5ea12,verified,FM,2024-11-17T18:45:00
c6adce93-e31f-4960-b7ca-2f6866d8fa6c,failed,HU,2024-06-28T18:58:23
77462d08-6bbd-469d-be7c-1699f329b80c,pending,RO,2024-12-03T00:41:44
957687e9-cde1-4a48-8bd7-b96de92f15b4,pending,EE,2024-09-02T08:57:36
0ad99fe1-0f94-4a68-88bd-9613f5c03cc6,failed,GE,2025-09-06T01:31:25
55508df7-c797-422b-8d9f-7462e9799c2c,failed,LI,2025-06-15T20:07:06
54ac26cc-fc4a-4d03-becf-9b0b897d3ce2,verified,TD,2026-02-12T15:20:40
1afa7136-352a-45b9-be67-773f1346d57d,verified,SE,2025-07-08T13:31:30
a3f4472a-25f6-4073-a345-8179288451ce,failed,CR,2025-11-28T09:23:31
3ff6a897-44ed-4b68-bcfa-8bcf5223ed02,pending,CG,2024-09-06T07:41:05
2b553f37-72fd-4893-9e62-67ea5e0838b1,verified,RO,2025-08-28T19:34:13
6a3828f2-fcda-484d-9e84-4f4346b7b456,pending,KE,2026-01-05T10:40:00
e298d3c2-88d6-4d7b-9e6f-ac1c639deb0f,failed,PG,2025-01-02T15:58:00
af36cada-f483-4eab-848d-d15e79a1eea5,pending,MY,2026-03-03T13:33:44
087fa064-976f-4184-a041-8b4be253334e,verified,ZM,2024-05-08T02:25:03
766b9c11-dcc1-4777-9c43-69a1cd3cc5df,verified,EC,2025-04-19T23:57:26
b1a28831-3a6e-4227-bfbd-ed8aa81539ca,failed,PY,2025-01-31T10:13:51
c2e51672-8697-47c8-944d-d18dd57a7d2f,pending,IN,2025-09-17T00:19:56
bfe5838e-08d4-4170-ab89-d20dc50c05e6,pending,AL,2025-05-16T16:16:41
dcf5dd2e-69d4-4c38-91dd-9466486a9bec,pending,PA,2024-10-27T10:49:15
de8ca54b-7d16-4719-98d7-aad403456c51,failed,CL,2025-05-08T22:05:28
3536a284-8ba0-414f-b1c6-3dade55a8429,failed,BS,2025-01-16T23:31:20
f93b3437-ef70-42ac-805a-dc0c5a8505d6,failed,FM,2025-12-24T03:07:45
be4c0dfd-871f-4599-bfd9-4815b6b366ad,verified,AT,2025-10-22T16:12:57
15704804-0233-4622-a9e3-c194d953c9b0,failed,VN,2025-06-18T09:19:31
01c1902e-11c8-4e3f-9577-530427e6e523,verified,SI,2024-11-16T04:55:43
54611176-f30e-4960-b35a-0925fce83c4b,failed,PE,2024-08-28T20:02:21
85fd1d4d-b558-459f-8ed9-d4a451d9b940,verified,KN,2025-12-16T09:53:25
35711773-aa4f-4ea5-8e2b-61a5b1974ecd,pending,KP,2025-04-10T05:28:07
8ae5bb1c-62d1-4d43-8e8f-bb0f7e44d367,verified,SO,2025-07-06T08:41:47
ea82b442-3086-4210-b591-95e88247ec2c,verified,IN,2025-05-03T11:56:51
399074c1-943d-40d3-9c8e-fabd64eb4cf4,failed,TR,2024-06-27T07:54:22
f9e3289b-f415-4fbe-aa5b-becda3834e74,verified,BN,2025-06-28T05:23:38
82750659-398d-4a75-ac62-20a19ab6d4ad,pending,LY,2024-11-26T21:15:16
9c1078a9-546a-4003-82c0-7f2b8ac4354c,pending,NO,2024-12-25T00:21:46
bd1a8256-273c-40f7-a4a2-1c00e01d82f9,verified,PG,2024-11-07T10:12:10
9e311b44-de4f-41be-8f07-0b068694a7b7,pending,TT,2026-01-12T01:46:02
8658041d-7765-4bd2-92c0-bbc509960e1a,pending,GD,2025-07-04T08:53:36
55c4e30c-25f9-4872-b7d2-b38b29a88334,verified,BA,2025-05-01T16:53:10
f92c78d6-84c5-4a25-ac55-d9ef7ee11154,verified,ET,2024-11-08T17:36:40
307fdf54-bffe-4991-8f89-6369e35f9e07,failed,NO,2025-02-24T08:53:59
c3f5c7a6-501c-40c4-accf-41e7a8cbf14e,failed,LB,2025-05-20T17:48:25
4e360a1d-ccac-4334-b532-09f00bdefbe0,failed,BN,2025-03-03T11:56:14
44c49732-0a64-48cc-a7c8-45193ddaccfb,verified,AO,2025-11-03T08:11:38
d7dc57e3-bdac-4e09-817c-e4e47b36fb76,failed,SE,2024-08-21T11:04:14
442afa1b-38c5-4b0c-9e74-1351367e6d03,verified,NI,2025-11-02T23:18:58
52fac2ce-a92e-4032-967e-f483667c9da6,verified,AF,2024-08-27T05:26:56
49716118-d121-4fba-bec2-b9c9ef1cb1cd,failed,CL,2025-07-17T23:39:13
60541dd6-0954-4338-9376-094357c38603,verified,UA,2024-10-13T08:39:27
cef1b97c-1884-46a7-a615-6a4ff53c2bba,verified,MX,2025-01-09T13:46:24
bd8113cb-0c5e-4bca-bb1e-73701fac3f92,verified,TM,2025-09-01T10:01:53
14746724-c588-480d-99e2-027676cf59a2,verified,FR,2024-11-08T00:20:55
b544e556-1483-4984-9b17-795785f08b82,failed,VU,2024-11-04T00:12:00
ac34a95e-72d7-4212-a79e-81d72f591dc0,verified,LU,2025-02-03T11:54:29
84e6d4cb-6e3d-472e-89b8-53c8f026c1b6,verified,LB,2025-11-27T10:07:21
