merchant_id,merchant_name,category,merchant_country
31d9a5c9-593f-4dcf-aab6-604633afcf5a,"Rodriguez, Figueroa and Sanchez",marketplace,CA
61b27857-d8e2-4033-a923-b6174f0e864f,Doyle Ltd,logistics,BR
0f9504a4-72fe-4e5b-82a5-29f80569a9e8,"Mcclain, Miller and Henderson",grocery,FR
f83b93a3-7c5c-4fea-84c9-74a48ac64e54,Davis and Sons,healthcare,US
81227abe-6c06-4bc4-b0d1-f2a75f351ff4,"Guzman, Hoffman and Baldwin",software,DE
ffd27b30-c8f2-410a-b15a-45eb71d8ec97,"Gardner, Robinson and Lawrence",software,NL
812aa24a-22da-4d7a-a11e-a713d51b28e8,Blake and Sons,grocery,GB
3e9f3d35-7aa5-489f-b690-f4a63b3d3de9,"Henderson, Ramirez and Lewis",education,GB
6ae86cb5-58df-421e-b464-cd059b03a3f2,Garcia-James,software,BR
0b774303-ed2b-4a94-af45-ad19d793a066,Abbott-Munoz,grocery,US
96d05026-2b62-4fa1-bfa1-572dc89595ab,Blair PLC,entertainment,DE
5dfeced4-2d74-45fd-afcb-02fec29a95e4,Dudley Group,restaurants,AU
d8cfa107-f374-4f15-98ea-39e68c6903db,Arnold Ltd,entertainment,SG
fcbd9e3b-3bab-4702-b9f2-33781246f966,"Mcclure, Ward and Lee",software,SG
b3f16deb-0874-4a69-b876-c9b5f378982f,Williams and Sons,software,GB
d484b60d-a556-41cf-86db-aa075171b406,Galloway-Wyatt,education,GB
9266f602-bf6f-4e13-b80f-737099d8dc83,James Group,software,AU
fc1ac60b-93cc-4481-b123-c35d33939e29,"Flowers, Martin and Kelly",travel,GB
fcf068ab-5684-4e94-bdce-5b5d253742b9,"Adams, Zuniga and Wong",grocery,BR
3142ea5d-00b7-4b36-88cb-7aa885027c79,"Reid, Ferguson and Sanchez",marketplace,FR
3470b6eb-6e47-46a8-beef-1029c663ac7e,Gray-Mayo,logistics,AU
701f16a2-265b-4489-a9e8-ccb264335ca5,"Watts, Robinson and Nguyen",restaurants,NL
ffc263b4-b932-41e7-a4cd-41f39515abac,Perez Inc,healthcare,US
8de11f74-8401-4494-96a5-bfe42bf9c20a,Morales-Jones,grocery,AU
0b4d67e4-e66e-4f75-ba8a-088ac73214ed,"Walter, Edwards and Rios",grocery,BR
d69ee9e0-9351-4954-a393-17b4474aaada,Wilkerson-Day,grocery,GB
1aac0c90-dce5-44e2-b0dc-b871bdfe1bac,Baker and Sons,logistics,US
b8ce990f-6fdd-4608-8454-9e6bbbb2aba4,"Hoffman, Baker and Richards",education,SG
620a39d5-17c6-4f56-bccb-7b94c143f293,"Ross, Robinson and Bright",entertainment,IN
55a5c876-cc99-482c-972f-a58083bbd53a,"Snyder, Campos and Callahan",software,GB
aa9a8d87-a9ca-49f9-93ab-5ac30cc4a4e2,Burton Ltd,travel,US
5cf94468-80a3-483c-b2cd-15da0843ce71,Carlson-Cruz,healthcare,DE
66d217d3-8654-4c51-835a-b5a4b1373cba,"Ferrell, Rice and Maddox",travel,SG
2f8f2b27-2247-4253-8336-e21eff418492,Frazier Inc,travel,CA
f4e80314-4ff7-4013-86e7-44c0fb735520,"Dyer, Potter and Mack",utilities,BR
783fe5b8-6598-4e2f-9dee-2b39b9405c17,Rodriguez-Graham,logistics,IN
252502b6-59a2-4044-a481-91a1cb17d5d3,Smith-Bowen,utilities,GB
3ed194cb-8ade-4479-8007-fdb48661e810,"Baker, Mason and White",entertainment,US
a8a3ae64-3833-41bc-8fcf-539f0c8210e4,Harrell LLC,restaurants,BR
9489bcc0-58cb-4d2a-a9d6-2e3d76e10a83,"Romero, Gonzalez and Brooks",utilities,FR
7fb265cc-b756-42d7-8c19-b52a8a81c537,Ryan PLC,software,AU
cf04743f-76eb-4008-8f12-482d2fb3c797,George Group,education,AU
2b527c06-fcfc-470b-88dd-55ed6c8d5855,Rodriguez LLC,entertainment,CA
441b9959-2720-4326-8aac-5bc4ccd3500b,Allen-Allen,utilities,BR
15607204-717c-4e38-b4f2-d93b77cab49d,"Arroyo, Miller and Tucker",entertainment,DE
ff93113c-975e-4153-acea-da6d693a9189,Spence PLC,software,DE
6ef70d5b-d708-4571-a591-156f5536a297,Anderson Group,education,GB
0135965e-d8e9-4492-83d5-deeb0e8d68be,"Martin, Rose and Obrien",software,DE
a9bd0e3d-50b2-441c-a4d7-148b5c6cff14,Hickman Ltd,travel,CA
88cb0627-1b28-480a-a019-bf37e9462077,"Harris, Collins and Carney",logistics,FR
e0fd9eab-c388-45fb-a4a0-94aa8a37f5ff,"Brooks, Lam and Hayes",entertainment,CA
4a2bc66a-bb28-49d4-8789-c0a61d92805e,Walker LLC,marketplace,DE
1fffccbe-4fd9-468b-ad9e-5f0820729ba1,Chapman and Sons,restaurants,GB
3e151c2f-f17e-4836-94b3-5dfe8859fd3e,"Robinson, Jones and Welch",restaurants,AU
c2991885-8425-4ade-807f-c439b37ede6b,Jones Inc,utilities,NL
23617f2d-d8d2-4847-81dd-9f10f4ea109d,Jones-Young,education,IN
8099b5f6-3870-4511-a251-f4592a07b5d1,"Washington, Ryan and Cummings",entertainment,FR
81fe3127-e2d7-423e-94cd-453503d3b09d,"Johnston, Sanchez and Kennedy",software,AU
0d04dcb1-6829-4ed9-9290-c3c675bfc190,Lee-Davis,logistics,AU
062f5418-53d2-4787-be78-aba1a78f6ca9,Gomez-Jenkins,software,NL
bf722b1c-daa2-443c-b0ec-be1906579eee,"Brown, Valdez and Lucas",grocery,SG
69dc109c-79b6-4955-8e02-f3310ff96448,Powell LLC,grocery,DE
2de0cd26-792f-400c-b81d-7a4ffa21282b,Wright and Sons,software,US
e88e12b9-e490-4264-b283-8dfd3b20385d,"West, Henderson and Ramirez",software,US
5a7cd783-52b0-4c8a-97c9-c4c5d1c23f3c,Baxter Inc,marketplace,GB
ecd4752b-0423-45df-a60b-0801ef7e42d0,Morton-Chase,logistics,AU
60468487-cdf0-4e64-8b5a-127646cf3149,Williams PLC,grocery,NL
5ce11ced-9a66-4d31-bba9-12b0ef465f06,Novak and Sons,utilities,BR
bcd35bf8-9559-4c37-a3d2-528e2a396966,Russell Group,healthcare,DE
5422ff57-5d9c-4066-9246-c42c172ad1d0,Hancock Inc,entertainment,SG
0bfb0953-cadb-491f-9246-a109d796df06,Gray Group,utilities,DE
a299bc31-8c47-4299-8704-aa712575e698,House-Glover,utilities,NL
45166fa1-2845-4d45-b495-0359fb9c97a3,Henderson-Bernard,restaurants,IN
9830c3f6-6ad6-4ba8-93ea-4f5c4377cf65,"Stanley, Tucker and Lee",utilities,CA
67d6a576-7640-4cd5-b8e4-723f6d73fc93,Novak PLC,restaurants,IN
15047727-18d1-4b87-a8c0-51c376d29172,"Daniels, Adkins and Brown",healthcare,AU
c1ea753d-5b91-4814-87c4-f7f4b68bb878,"Woods, Calhoun and Schmidt",software,FR
fff55749-654d-4664-8c60-2b85a89a122b,Yu Inc,healthcare,BR
ce95e745-3110-41f6-a10b-c907df94cde9,"Hensley, Powell and David",education,BR
80c6b9c9-8f48-4047-a2f5-111dd6b1c06b,"Sanchez, Wheeler and Harvey",travel,AU
8d9b8cda-08a1-4d82-b492-415cc4c0b54f,Sandoval-Cunningham,education,FR
1bff5e83-8c9d-4d11-b59d-a6f40563b42c,Donovan-Harris,travel,AU
e2917f36-cb8f-45e6-8432-1368fc49d67f,"Edwards, Baker and Anderson",logistics,US
76a057f5-f7a2-4ad2-887e-bda92f6cc7e3,"Evans, Stewart and Walton",education,GB
bba5197d-c839-4fb2-9c52-df72cc1e05f2,Smith PLC,travel,DE
3a561bbb-4812-4a90-a088-29354230abdb,"Ferrell, Jones and Lewis",utilities,CA
5503f914-1f79-439a-b113-ac346512c6ca,Anderson-Bailey,travel,IN
45c5d7d4-b1c4-49e5-bd85-83b7b161acb4,Suarez LLC,restaurants,GB
9602be1d-44c2-40c4-8736-77c503661c2b,Moore-Bass,healthcare,FR
ff2408c8-9264-4183-b763-b301dc20b52b,"Turner, Riggs and Roman",utilities,SG
53859f5e-c7f1-479c-be33-80da65ee0d00,"Smith, Montoya and Evans",education,CA
65c0f449-eeee-4a62-ba77-9b6519f162e7,"Garcia, Humphrey and Baker",education,GB
f2eaf05a-c6cb-4e7e-8696-7453069c98cb,Newton and Sons,logistics,IN
2439cf64-ff2d-4b75-a223-45e19bed7a6d,Campbell-Clark,marketplace,GB
541220a3-6327-4c0d-9d8a-a8a83caef7af,Harris-Walters,marketplace,US
f9d90ae7-3bba-466a-8695-3a45fade6c6a,Wagner-King,marketplace,AU
20062ed6-65e7-45a2-b619-749a06a1d34d,Davis Group,education,NL
b09de2d2-485d-4ff2-b5c6-1a6f355a3884,Williams-Cook,software,NL
086264cf-7a4c-4aac-abf0-28c67c035af0,Walsh LLC,education,IN
142c05c9-42be-4b60-b7f4-02cccbd50e34,Figueroa PLC,grocery,IN
df1b149b-bc14-48a6-a9b9-7338954d2bfa,"Patterson, Smith and Jones",healthcare,IN
a9e4c1a7-9319-43d5-b734-ef7655b78607,"Mckee, Gardner and Davenport",marketplace,IN
315ffead-ff4b-40a8-acb8-6217039d5b87,"Tran, Jordan and Williams",software,AU
c5448d4c-3880-4297-960e-7a8209c591c8,Nolan-Flynn,software,CA
e0959e90-fd41-45c0-a54f-9bef3daf1c0c,Nolan and Sons,software,NL
40cf0887-2b5f-4e6b-9c94-d71e5d618086,"Wright, Garcia and Deleon",marketplace,GB
862dc041-6a05-4032-8774-6bf182d993a7,Dickson-Brady,education,NL
dd35bab1-a83d-43d5-b469-fe8e7fc913a8,Hancock and Sons,logistics,DE
76412baa-c785-4243-b283-aa4e2de79c56,Johnson-Doyle,restaurants,US
a75a5d03-9b76-4480-a3df-337a23dc30e8,Patton-Jenkins,logistics,FR
22f41cf4-6414-43b3-8929-0fdf5c632dc5,"Shields, Cochran and Adams",logistics,IN
8c63bf1e-f7f1-470f-93a9-97983163fc99,"Rodriguez, Brennan and Garrison",logistics,BR
60cb278a-0298-4dc5-b1d6-367655cf90be,Gonzalez Group,utilities,AU
68bec94e-d891-4890-b0ae-0f240ce24f1e,Torres-Pope,software,FR
b95496d6-f3a7-4be7-b6d6-ab2bccd52e21,Walker Ltd,grocery,CA
5ba2f804-5651-4d36-a671-5b8d474fb0d7,Ross LLC,restaurants,IN
b297eba6-4b43-4f0f-b4d0-ac6a3008d8f4,Rasmussen LLC,restaurants,DE
3955b1b5-109f-478d-ac40-c6a16d0644ed,May-Ross,entertainment,NL
db6ebc11-8b62-45e6-8bae-c2d95d3bd2d7,"Rivera, Johnson and Wiley",travel,US
c9a46eaf-3e5e-46d4-89b5-b7720ea47600,White-Estes,logistics,GB
5f27aab3-35a5-47f2-86de-6f5195d699ce,Johnson-Carlson,software,BR
3b1eb0df-2d0a-4099-a2a8-5daa6307567d,Chandler-Edwards,software,DE
74c1446e-8e67-4c03-bf6f-01ba2fbfb12b,"Joyce, Wilson and Lam",logistics,GB
e60c54a7-bbba-4f47-93b8-c7db085a5822,Scott Ltd,logistics,SG
f1982c1d-87d8-4b19-a815-6865d6e36bc2,Smith-Frost,entertainment,DE
33065a41-3912-4e75-90f8-10e6e9bac20a,"Mcdaniel, Bentley and Mclaughlin",marketplace,AU
120ec26a-ef1a-4acb-981a-16ed1474ccd2,Diaz Inc,travel,DE
57abebde-525f-4cd0-9ed3-c11cad90f991,"Mccall, Hanson and Alvarado",restaurants,GB
e17e4c03-654d-4a5a-9a51-073b517cc851,Cortez LLC,logistics,CA
bc878f82-e398-4ae3-aefb-ed34699ba3a6,"Parker, Ortiz and Powell",entertainment,GB
5cf787c2-e522-4038-88ba-5a97d3b29982,Spencer-Lee,marketplace,BR
9109774d-67b3-4aa3-91ca-e03082fc873e,"Bentley, Byrd and Orr",software,FR
f5448361-0f40-47d2-a387-d698a503d9d4,"Carroll, Sullivan and Bass",healthcare,US
0e238dbd-3630-4f47-b72f-7106bb4c7c4d,Mitchell-Jordan,travel,IN
666d6026-f4aa-4629-801f-6f2faa18a21e,"Lawson, Morris and Ramos",restaurants,IN
3f2bfb2b-a845-41c2-8fff-58764d31ed29,"Lewis, Kennedy and Santana",travel,NL
90ce233b-f233-4ef2-85a0-2c9ce8ed6514,"Jackson, Miller and Robertson",utilities,DE
cfda60b3-07d7-449d-ad58-3d99e393240e,"Harvey, Davis and Crane",utilities,FR
b9f34b7b-3c92-4d29-9f24-b5dad1beb10f,Chambers and Sons,travel,IN
b3760dec-9ed2-4c4e-8a6a-59b39744940c,Hernandez Inc,entertainment,BR
3bf9e4ea-ec2f-422f-87df-6ea610fc2df2,Riggs PLC,software,CA
86d1768f-4573-4aab-96db-7242778afd88,Gibson Ltd,healthcare,FR
71ae5f64-b461-4dad-99f2-65e367124109,"Lee, Horton and Snyder",grocery,SG
7bdd498f-4992-43d4-8ad2-037518765836,Hernandez Ltd,restaurants,CA
cede99ea-1348-4d96-ae7f-2c48d2580de6,Stafford Inc,utilities,SG
87faf67c-3d53-44fb-8e2f-3638175528e7,Robinson-Brock,entertainment,GB
378a3e44-d870-4585-9524-ac83f86968b2,"Holmes, Williams and Wright",utilities,FR
f6306d8a-b9c0-45c6-9ef2-16958f1fa676,Bryant Group,marketplace,IN
ea213890-920d-4e58-8525-789c82f81282,"Schmidt, Hansen and Stewart",travel,CA
7af2e1e5-fc86-417d-a415-8a81ce6b9d9d,Salazar-Ball,entertainment,NL
9284db56-8d63-4b93-9dc8-a8f74f5d8edf,"Simmons, Meadows and Griffin",healthcare,DE
9fdf8d71-c5f2-4dcc-8e8e-d33c12ab94a0,Manning Group,utilities,SG
39c5b345-94a0-4b24-ace0-28db86f9f883,Green-Wright,logistics,US
b25308d3-130d-4ae8-a2e4-949c457089d6,"Ramirez, Strickland and Washington",travel,FR
323ef8cf-a9e6-4bbc-8133-38cb4ac3a43f,Hill Inc,restaurants,FR
5868cb07-9637-4f46-a1ca-8afdfd9f304f,"Mitchell, Nelson and Flores",education,AU
ab4b6b26-c1fc-49d9-b911-017ef6ecf5d7,"Miller, Hernandez and Reyes",logistics,FR
1492cf72-c667-4583-9602-ee16f9a7e559,Mccarthy Inc,healthcare,CA
6406a2c8-733d-4c92-bf00-f45d88664dc8,Russell-Daniels,grocery,CA
eda46be5-70cd-4ff6-8c91-58aab894341c,Brown-Wall,utilities,DE
