user_id,created_at,country,acquisition_channel,kyc_status,kyc_completed_at,is_business
c755898e-59b1-43af-ae16-9a4b938b9bd2,2024-11-23 11:01:00,US,partner,verified,2024-11-28 18:01:00,false
02eaab97-f36c-4d9f-a94b-1879f97934ba,2025-04-02 01:05:00,US,organic,verified,2025-04-02 19:05:00,false
40d50d1c-1605-4e37-9f89-5cc4935a9c29,2024-01-15 01:12:00,CA,paid_search,verified,2024-01-26 18:12:00,false
4116ab43-7950-452c-8f80-ce65d7d17d46,2025-03-21 08:48:00,AU,paid_search,pending,\N,false
18818435-5077-4140-8a20-01a8c6dc4862,2025-01-25 18:06:00,CA,paid_search,verified,2025-01-27 21:06:00,false
e90c754c-1b3e-4a3b-b25f-07980910f55c,2024-01-24 07:29:00,US,paid_search,verified,2024-02-01 10:29:00,false
417ceeaa-e9b4-4afa-8d58-c929c7d6f553,2025-03-29 19:36:00,US,organic,verified,2025-03-31 08:36:00,false
3461b752-aaff-4371-83b7-391abf2bffe6,2024-02-10 15:55:00,GB,sales,verified,2024-02-16 15:55:00,false
c5250df3-f3db-407c-aa39-99e8f2f1039d,2024-06-30 14:42:00,FR,referral,verified,2024-07-15 05:42:00,false
8c76f181-8033-4edd-8f70-3d0c28e1c6bd,2025-01-08 15:10:00,NL,referral,verified,2025-01-14 11:10:00,false
4d189c67-bca6-4e2d-8226-b07aab474ded,2024-12-16 18:53:00,US,organic,verified,2024-12-18 00:53:00,false
222a9756-09da-4fd1-b888-cd855a82007a,2024-05-17 10:13:00,DE,partner,pending,\N,false
2d6aea6d-399b-4b90-8293-b60b8162277c,2024-09-12 20:56:00,GB,organic,pending,\N,false
d85b91e9-b1f3-4598-815c-bb158ce9c396,2024-10-15 01:16:00,IN,paid_search,verified,2024-10-24 06:16:00,false
7d91f46c-fb58-4c10-af72-0b58665500fa,2024-03-12 00:31:00,BR,organic,verified,2024-03-13 02:31:00,false
c9477995-8d62-44f2-8377-66bbbdfd55db,2024-12-14 21:38:00,DE,referral,verified,2024-12-23 02:38:00,false
20ba958c-c7a0-4fa6-921d-318307f745f6,2024-10-10 08:43:00,IN,partner,verified,2024-10-24 23:43:00,false
42ab9d1b-46b9-4992-b8a0-50e8d2dba1bb,2024-06-23 11:18:00,US,partner,verified,2024-07-03 05:18:00,false
b0a0291c-3165-424f-a049-cce433451df1,2024-09-13 13:32:00,IN,paid_search,pending,\N,false
f0103064-4f22-4e0e-87fc-70243ba8245b,2024-11-07 14:09:00,DE,partner,verified,2024-11-11 02:09:00,false
562b6ff9-8611-4002-99aa-70bc36a89048,2024-01-02 03:20:00,IN,sales,verified,2024-01-04 14:20:00,false
fa08bf94-434d-4a80-ae2c-7fc06d8fb389,2024-06-06 15:03:00,IN,organic,verified,2024-06-18 19:03:00,false
fc4a56d2-dcb3-4c40-ab77-36c94116c93a,2024-02-06 01:49:00,GB,referral,verified,2024-02-20 04:49:00,false
06fd1838-9e14-4d3f-8a74-ab82a2e400ae,2025-03-23 03:27:00,IN,partner,rejected,\N,false
9c206a55-4118-4950-85f0-eff25c778a3b,2024-12-31 17:25:00,FR,paid_search,rejected,\N,false
9645579c-260f-4450-8544-6bfe7ac7d43d,2024-03-02 15:14:00,DE,organic,verified,2024-03-03 03:14:00,false
afb6858f-94f3-4a9a-8b77-c2ddd9543e08,2024-02-07 06:40:00,IN,sales,verified,2024-02-08 18:40:00,true
95091b7b-18be-494f-834a-19a954002218,2024-05-01 16:42:00,US,affiliate,verified,2024-05-13 06:42:00,false
ae9ff225-aa67-4a4f-9a7a-c74cc7dfa647,2024-08-30 15:50:00,US,organic,verified,2024-09-08 09:50:00,false
b9ed8315-0dd5-4836-b73e-53867f3704c2,2024-08-04 21:29:00,US,referral,pending,\N,false
33b59be4-4a60-48e7-8f4a-b212a7fb9836,2024-02-01 20:46:00,US,organic,verified,2024-02-04 05:46:00,false
4eabcb39-9131-49e9-ab94-90043e401ca7,2024-08-04 13:17:00,GB,sales,verified,2024-08-06 05:17:00,false
88f48078-c7ee-470c-bda5-7319d39de9dd,2024-01-27 04:34:00,NL,affiliate,pending,\N,false
f82a55a5-8c6e-40c8-b064-4a29ce77ff87,2024-03-26 21:31:00,IN,organic,verified,2024-04-04 12:31:00,true
e39dd901-eb35-4b54-abdf-ac2dc9a3eae6,2024-07-18 16:59:00,GB,paid_search,pending,\N,false
ecaf365f-240f-4cf5-ad11-2b0e8ed60e69,2025-02-06 01:42:00,US,organic,verified,2025-02-09 10:42:00,true
7f9ec2a4-a46b-4f4c-b50b-bc86a7fc962c,2025-01-12 01:03:00,US,referral,verified,2025-01-13 08:03:00,false
fa22a4a9-2a73-4cda-a632-5f1048b8de15,2024-09-28 13:03:00,US,organic,rejected,\N,false
787adc48-399a-4e16-a38a-2b1910df8c33,2024-12-11 15:25:00,US,referral,verified,2024-12-23 20:25:00,false
90a57c09-b950-400c-954c-1e78be281c8a,2024-08-03 05:37:00,IN,organic,verified,2024-08-10 00:37:00,false
e9b4d170-999a-4273-892d-647054102881,2024-05-02 16:25:00,US,paid_search,verified,2024-05-16 12:25:00,false
8fbc93c6-fecb-4a4d-b4d6-077cf965211e,2024-02-07 08:29:00,NL,organic,verified,2024-02-19 10:29:00,false
c97afa6e-4946-463b-810a-603e3869ee70,2024-05-15 12:59:00,IN,paid_search,verified,2024-05-17 01:59:00,false
b7e570b1-b449-4999-81d8-b34af4a8d571,2025-03-03 01:45:00,GB,partner,verified,2025-03-17 01:45:00,false
c4a5da70-c60c-461d-b86d-b3eb0a257420,2024-12-05 11:56:00,IN,partner,verified,2024-12-08 00:56:00,false
e8843945-1147-4213-add9-bdcbc66a4e09,2024-05-25 03:13:00,AU,sales,verified,2024-05-29 13:13:00,false
e218fbb8-1a17-4eb1-9a24-3b31cdd7b812,2024-05-08 09:05:00,US,paid_search,verified,2024-05-14 08:05:00,false
c543db1f-b5a7-487a-8383-9493867c93b7,2024-05-14 13:47:00,DE,organic,verified,2024-05-23 17:47:00,false
dd7a351d-c9ba-4f4f-82eb-17373de23359,2024-12-19 12:34:00,DE,organic,verified,2024-12-27 11:34:00,false
11ac0fcc-d2f7-4abb-9117-aec77cb74305,2024-06-06 19:57:00,NL,organic,rejected,\N,false
27263d8d-9c9d-45b9-80d9-fb1225108f87,2024-12-15 15:42:00,IN,paid_search,verified,2024-12-27 15:42:00,false
4cb1bed9-352e-4ce2-8b7f-3c79d6d810e9,2024-03-20 15:55:00,IN,organic,verified,2024-03-24 11:55:00,false
5d3b74f3-ba16-4e17-948c-08965d43a007,2024-06-19 21:51:00,US,partner,verified,2024-06-25 06:51:00,true
9bb9da29-881c-420a-8f27-bce6755e1354,2025-03-22 09:54:00,BR,referral,verified,2025-03-26 17:54:00,false
82777d68-f72c-44f6-9133-383b9b19a133,2025-02-11 15:14:00,CA,organic,verified,2025-02-15 19:14:00,true
0528da01-f167-4679-ade4-8cf8ff2e9792,2025-01-30 16:22:00,FR,sales,verified,2025-02-08 06:22:00,false
05bfae56-b092-402a-a537-b5f8f4f56d1e,2024-01-15 11:56:00,US,affiliate,rejected,\N,false
3efde051-4f08-4348-bb81-7e22cace13d8,2024-02-26 03:27:00,GB,affiliate,verified,2024-03-03 21:27:00,true
5d8e65ff-9344-4e3c-8d79-a2847729b05e,2025-04-06 02:12:00,US,affiliate,verified,2025-04-15 11:12:00,false
6510f346-b1ec-4e0d-8dd4-acd2b688b9e5,2025-01-04 07:47:00,GB,affiliate,verified,2025-01-12 03:47:00,false
b544b6ab-f126-41d6-bbcc-568a7b1173d6,2024-11-15 18:42:00,AU,paid_search,pending,\N,false
fecd36a0-a1a9-492d-85d6-4b1cf6c86cd9,2024-07-28 18:25:00,US,paid_search,verified,2024-08-09 15:25:00,false
6264b6ce-7c56-478c-a3fb-408e9b17f541,2024-12-13 07:57:00,US,referral,verified,2024-12-25 12:57:00,true
c56c1e61-14bc-4628-ac89-2e1f209d4f4b,2024-05-26 14:27:00,DE,paid_search,pending,\N,false
8d7a4d58-1354-443b-8ecd-4aafd93de2ca,2024-12-11 14:32:00,FR,paid_search,verified,2024-12-15 06:32:00,false
d32c235e-5479-4506-b048-6c6fd638c0d3,2024-11-13 18:05:00,SG,partner,pending,\N,false
892b8380-fb42-4048-94b1-cee151344aaa,2024-04-11 12:01:00,FR,partner,verified,2024-04-21 17:01:00,false
3a5725a0-a0c4-4aae-9cb9-c59c881123d7,2025-03-30 04:36:00,CA,paid_search,verified,2025-04-14 02:36:00,false
53e6ff8f-af2c-4902-8764-a26d48c81f72,2024-12-18 08:57:00,SG,organic,verified,2024-12-20 16:57:00,false
d914245a-d2f5-4233-89d5-e19a389a69ce,2024-12-23 00:29:00,IN,organic,verified,2024-12-28 09:29:00,false
b43a6226-d227-43a9-b20b-d2c094df422a,2024-08-26 05:33:00,DE,affiliate,rejected,\N,false
721026e7-3546-4044-8c5b-b299111a22e5,2024-11-10 07:57:00,GB,organic,verified,2024-11-22 01:57:00,false
f1bad760-359e-44c1-9968-a709ee7bbed8,2024-08-18 16:48:00,US,partner,verified,2024-09-01 08:48:00,false
ec666317-96aa-48c6-a03b-f00762525fc9,2024-05-02 16:28:00,US,paid_search,verified,2024-05-08 20:28:00,false
4c804dd4-762b-4057-9c98-86c8ed02b2f4,2024-02-11 12:09:00,US,organic,verified,2024-02-26 09:09:00,false
9fbf9f52-8c9a-4a38-aaf2-d64b4842756f,2024-06-19 01:29:00,BR,paid_search,verified,2024-06-23 12:29:00,false
39af78b8-3961-47a9-8497-146442a336f9,2024-12-22 08:54:00,DE,referral,pending,\N,false
e0110dc4-5e4e-437f-b16d-22289cdbb800,2024-06-01 20:54:00,BR,referral,pending,\N,false
7364a689-c52a-42da-9281-e049b214c511,2025-02-14 03:57:00,US,referral,verified,2025-02-18 21:57:00,false
ccc53634-92df-48ce-91a7-df0c46e0259e,2024-12-09 05:51:00,BR,affiliate,verified,2024-12-12 19:51:00,false
234031cf-cb8e-468b-a833-136285d92f34,2024-09-30 08:58:00,FR,organic,verified,2024-10-12 10:58:00,false
547eae59-b859-4c89-94a2-2cdb2c5d0a8a,2025-03-19 22:11:00,US,paid_search,verified,2025-03-28 02:11:00,false
945389e0-cbd0-48e6-bb63-6d8cd1f78538,2025-03-26 20:17:00,US,organic,verified,2025-04-04 21:17:00,true
d4e993f5-643d-4e1d-9c99-ecb94a497359,2024-10-03 09:22:00,SG,referral,verified,2024-10-04 22:22:00,false
4bf806c3-b8e4-4cba-ae90-fa1afd326ae1,2024-05-06 14:53:00,US,referral,verified,2024-05-09 22:53:00,true
7de6c1c3-6ebe-4527-ae25-426f6ac67ee1,2024-04-21 22:44:00,US,referral,verified,2024-04-29 20:44:00,false
d9cf9fdc-1d0f-4c11-ac93-b0056fa008de,2024-02-28 13:19:00,IN,referral,verified,2024-02-29 04:19:00,false
4b7094e4-2041-41a7-b9c1-9d7626b93b41,2024-07-11 20:45:00,AU,referral,verified,2024-07-24 13:45:00,true
f61ce2b3-3094-4f9e-8004-9498217ad1e9,2025-01-30 17:54:00,BR,referral,verified,2025-02-02 08:54:00,true
d6ad169b-a29e-4315-b3db-4bf2befd49da,2024-09-29 21:42:00,FR,organic,verified,2024-10-10 18:42:00,false
1afc60f0-cfe4-4504-899c-778fbee06fd3,2024-09-07 11:27:00,FR,sales,rejected,\N,false
85440910-4327-406a-a558-099c5ff04aad,2024-08-10 13:46:00,US,sales,verified,2024-08-24 12:46:00,false
951184d3-e693-4933-b472-07b556c7988e,2024-09-04 22:27:00,DE,paid_search,pending,\N,false
746ccc77-67b5-46ef-988b-5878e0ba86a6,2024-02-14 16:56:00,DE,partner,verified,2024-02-24 15:56:00,false
6bd8e4b0-0736-439c-8b57-90ae805b1cff,2024-09-10 18:11:00,BR,paid_search,verified,2024-09-18 09:11:00,false
330f18bc-8eab-45e8-a610-eef910884e59,2024-12-25 16:35:00,US,partner,verified,2024-12-29 19:35:00,false
b27c6520-066c-47c1-a03e-5f5c5b00274f,2025-01-23 15:44:00,GB,organic,verified,2025-02-03 04:44:00,false
9f30f95a-0c1f-4ad6-acc9-324e730c7da3,2024-07-27 06:15:00,CA,referral,verified,2024-08-08 17:15:00,false
d484fd78-78e3-46eb-b65e-4f1cf92db574,2025-01-17 01:21:00,US,organic,verified,2025-01-26 19:21:00,false
5e62dff2-0819-47e9-8665-cda052a5dfa5,2024-04-08 18:07:00,US,organic,verified,2024-04-23 13:07:00,false
aa0a17a7-a1a3-4ac1-bc70-801bfe844a1a,2025-01-06 02:48:00,NL,sales,verified,2025-01-12 04:48:00,false
7a673148-7ad7-4e48-818a-80a6b22bd93c,2024-07-03 13:19:00,US,organic,verified,2024-07-15 00:19:00,true
24bace5c-e7bd-4382-95b8-e9f4e4232786,2024-05-30 06:08:00,US,organic,verified,2024-06-09 19:08:00,false
94406609-f9bc-42fe-9c1a-50d803ede515,2024-09-02 22:21:00,US,sales,verified,2024-09-04 02:21:00,true
5bfb2f0c-08b8-4d1e-8c06-4d66457cadde,2024-02-03 20:31:00,AU,organic,verified,2024-02-17 08:31:00,false
ab8f5c6c-7f3a-496b-b546-991731061365,2024-06-04 10:15:00,DE,partner,verified,2024-06-13 09:15:00,false
b3505b84-0125-48a0-bfd8-d79092dd9378,2024-09-24 20:28:00,US,referral,pending,\N,false
e77eaaa9-5f21-4d24-8cf1-acb7cfcfc62c,2024-10-19 03:03:00,IN,organic,verified,2024-10-21 07:03:00,false
b1332d27-5f57-49d3-8acc-773aff5a857e,2024-12-04 10:10:00,US,organic,verified,2024-12-16 06:10:00,false
131a39ce-ad64-4fc4-8270-6ef62ac3342a,2024-10-31 23:18:00,AU,partner,verified,2024-11-07 04:18:00,false
61e72412-1fc5-4bf6-8284-908506698eb4,2024-12-17 15:59:00,DE,sales,verified,2024-12-31 01:59:00,false
4128c10c-69f4-4e69-9dec-1e2858e1641d,2024-02-29 01:14:00,BR,organic,verified,2024-03-05 19:14:00,false
927dfb17-1787-4504-aebf-344269b073e4,2024-06-07 03:47:00,IN,paid_search,pending,\N,false
6b9db873-8950-4004-8fe4-f11824e88234,2024-06-05 06:25:00,GB,referral,rejected,\N,true
370cfa94-cb02-4527-a566-cb61fbec1f34,2024-01-21 21:47:00,US,organic,verified,2024-01-27 07:47:00,false
927fff22-1d72-4870-b9d8-1e3b170f4323,2025-03-17 02:37:00,NL,partner,rejected,\N,false
7247e4f1-d42b-462f-b111-712cfa4a4869,2024-01-21 13:30:00,IN,organic,verified,2024-01-31 01:30:00,false
3b8f43b3-6586-48ec-9e70-f72034d2d14c,2024-11-21 23:05:00,US,partner,verified,2024-11-30 18:05:00,false
a53536ba-fe29-4735-a67b-68e7a6716c76,2024-06-17 21:44:00,IN,sales,verified,2024-07-02 02:44:00,false
f95a0730-8c80-470b-9f43-cb090a0bb9fd,2024-08-20 10:20:00,NL,paid_search,verified,2024-08-22 23:20:00,false
8ad419b7-0789-4a2d-b501-02b0611c6c72,2024-01-02 05:55:00,US,referral,verified,2024-01-11 02:55:00,false
d0ef8868-7ec1-4510-80e3-b5a17bdda85f,2024-09-13 04:28:00,US,organic,verified,2024-09-17 14:28:00,false
7f4cee0c-f41c-4aca-91b0-2ea895e76ea6,2025-03-27 06:31:00,DE,organic,verified,2025-04-09 18:31:00,false
f4d3c96c-4d01-40c1-925d-1bb0d8cefd83,2024-10-09 08:35:00,NL,affiliate,verified,2024-10-14 05:35:00,false
c4d66081-a098-4b13-acdc-56b4ddf2ab79,2024-03-02 04:53:00,GB,organic,verified,2024-03-08 11:53:00,false
be939e40-9b1e-4147-b608-feb9f30912bb,2024-08-29 15:29:00,US,referral,verified,2024-09-06 21:29:00,false
9d6677fe-4d79-4e2a-8be2-33c283973987,2024-03-10 10:17:00,US,partner,verified,2024-03-19 08:17:00,false
0fc5906b-f00c-454e-ac37-40b220a489df,2024-01-02 17:46:00,DE,referral,verified,2024-01-15 07:46:00,false
f8e3a1d2-c527-4767-8ec5-e634414ec466,2024-08-17 01:30:00,SG,paid_search,verified,2024-08-28 21:30:00,false
7f0af650-4e08-4c4d-b710-db42045b415b,2025-03-21 14:44:00,US,partner,verified,2025-03-29 20:44:00,true
fa1706ab-259e-41a1-a7d3-05a089abf99a,2025-01-16 23:45:00,CA,affiliate,pending,\N,false
8581a797-d00d-4e7c-ad1a-600750576c8e,2024-11-29 12:31:00,US,affiliate,rejected,\N,false
2c85a035-7227-4cc1-9e0d-ce1fcf3ea50a,2024-02-21 22:06:00,US,organic,verified,2024-03-02 17:06:00,false
0b4044ef-fe9d-4f58-a873-a73f194befb7,2024-03-20 10:30:00,US,referral,pending,\N,false
049ed29c-1526-42d6-8ae0-9dff910ee884,2024-02-11 18:54:00,CA,paid_search,verified,2024-02-23 05:54:00,false
87e0020d-3dc4-479a-83a9-bc135f5ef098,2025-01-23 23:55:00,US,referral,verified,2025-02-06 05:55:00,false
606ee6be-75cd-47e4-a854-658d7c33ca2a,2024-04-27 07:05:00,SG,partner,verified,2024-04-29 11:05:00,true
f3cb0e3c-de8a-420a-834e-980824c15969,2024-03-27 06:19:00,US,partner,pending,\N,false
b978a17c-86a1-4f9f-b921-cca8902cd3f7,2024-07-10 21:09:00,DE,partner,verified,2024-07-19 17:09:00,false
4c2c11d6-b162-4299-ac1d-617654f0813f,2024-02-11 03:55:00,US,affiliate,verified,2024-02-25 18:55:00,false
cde6a098-738d-4e13-9a74-c3a222709495,2024-08-25 04:16:00,US,sales,verified,2024-09-08 11:16:00,false
ca413b3c-0b78-4672-88f6-25ee706f960d,2024-12-13 01:10:00,NL,paid_search,verified,2024-12-20 11:10:00,false
05fca632-a800-4141-9342-ab2a7aaf89a7,2024-12-19 16:29:00,US,paid_search,pending,\N,false
c156f5b7-92d0-425b-b87b-18352c58c0fc,2024-05-01 20:36:00,NL,paid_search,verified,2024-05-08 05:36:00,false
6aec4abc-a185-4f38-a871-91e1f7ba39d4,2024-12-03 20:17:00,SG,affiliate,verified,2024-12-18 13:17:00,false
73f8ca8e-aeb3-4166-b106-d43274563532,2025-01-16 23:53:00,US,partner,pending,\N,false
d4bc71c9-8261-48bf-afa1-ed33a502ca83,2024-06-29 15:40:00,FR,partner,verified,2024-07-05 01:40:00,false
0f07c3c9-f8d5-400b-8187-f2fa374b4eca,2025-03-05 12:40:00,FR,paid_search,verified,2025-03-18 23:40:00,false
76436103-2e19-466a-918e-6120c231ea45,2024-10-23 19:46:00,US,paid_search,verified,2024-10-30 04:46:00,false
a26e563a-500c-4c58-b132-8887b43b6b64,2025-02-07 01:56:00,DE,affiliate,rejected,\N,false
3064a304-2304-42c5-9f04-00364af7dfde,2024-05-11 23:51:00,BR,referral,verified,2024-05-19 06:51:00,true
d9689c6f-4e12-4489-aa4b-b3ba25e1a13e,2025-01-21 15:55:00,NL,affiliate,verified,2025-02-05 02:55:00,false
e42a2a55-0f2c-4329-8def-0a7eea55c2cc,2024-07-06 10:50:00,DE,paid_search,verified,2024-07-12 03:50:00,false
5feed964-4309-44e9-9e44-1cb14efe63d9,2024-12-10 16:37:00,IN,organic,verified,2024-12-24 08:37:00,false
91290559-e807-4e6c-9d80-5ebf4d4f6a15,2024-01-14 03:56:00,US,referral,rejected,\N,false
bfb9deb5-21e3-4ee8-9943-b35f6e7cc494,2024-11-21 22:58:00,CA,organic,verified,2024-12-05 20:58:00,false
96fcfe15-20e0-4723-948e-2a1a271ca46c,2024-06-04 23:07:00,US,paid_search,verified,2024-06-16 12:07:00,false
fc076682-1ef2-4d8b-8855-2ff2c71935f2,2025-01-16 06:34:00,IN,referral,verified,2025-01-19 15:34:00,false
d64ae516-0037-4245-9d17-a3e990b6d189,2024-11-11 21:17:00,US,paid_search,verified,2024-11-19 20:17:00,false
5a3c1f1f-90cd-49cf-b476-21b36445803b,2024-07-04 11:43:00,CA,paid_search,verified,2024-07-18 07:43:00,false
a4e8da13-53a0-4492-a901-664c75bbf3c1,2024-03-03 22:05:00,FR,affiliate,verified,2024-03-17 16:05:00,true
c8002f94-2d87-4e8b-89d7-c07ce0e0aa12,2024-06-19 15:08:00,US,sales,pending,\N,false
332674b2-2da9-4777-afd9-67a09b049e72,2024-10-27 14:52:00,US,organic,pending,\N,false
71fd4cfa-1e30-4d49-ba71-c78372436b58,2024-01-02 16:54:00,NL,referral,rejected,\N,false
f7fddc8d-9ff5-45c9-9b86-aaae68465eae,2024-02-27 05:55:00,CA,partner,verified,2024-02-27 14:55:00,false
491826c9-ee70-4ae1-8975-a88cccda3cd8,2024-01-09 13:16:00,GB,partner,verified,2024-01-18 14:16:00,false
395eb464-f840-40c9-8a59-0dd63031b50b,2025-02-02 19:32:00,GB,affiliate,verified,2025-02-12 12:32:00,true
36a623d4-37da-4800-9927-c68d8dced195,2025-02-06 05:33:00,NL,organic,verified,2025-02-20 00:33:00,false
f4c1d970-10a4-4fe7-bddc-c1cbd3aa48bd,2024-07-24 21:43:00,US,organic,verified,2024-08-03 10:43:00,false
cffc3c1c-9e08-4a11-94e6-832a86238344,2024-02-03 12:17:00,DE,paid_search,verified,2024-02-16 01:17:00,false
991e888b-99bc-4182-9cf7-19bf85848fca,2024-09-28 17:29:00,US,partner,verified,2024-10-07 23:29:00,false
daea4f2e-94a2-4cc1-ab3e-365deb37093b,2024-11-30 01:46:00,GB,affiliate,pending,\N,false
fa4d2c61-7552-482b-a68f-40ce9842fafb,2025-02-27 22:25:00,US,paid_search,verified,2025-03-02 00:25:00,false
0848c5c2-ae26-4780-bfac-c81f157b0cd4,2024-03-20 05:59:00,BR,organic,verified,2024-03-22 05:59:00,true
b1392f9b-3334-4b18-b65a-ef3c6429e830,2025-01-13 19:51:00,DE,referral,verified,2025-01-15 03:51:00,false
3a780ac4-0f5f-4fbe-9000-e7832f2264f8,2024-03-03 21:22:00,IN,paid_search,pending,\N,false
77a5e9f6-dbc7-4b05-b9ac-96b69539ab4a,2024-01-27 17:38:00,DE,organic,verified,2024-01-30 00:38:00,false
02c5c688-4cf4-438b-b08c-25e53e24bfdf,2024-04-24 11:22:00,CA,partner,pending,\N,false
acfb69fa-ae4f-40ba-8e31-054efdf1cd14,2025-02-17 21:54:00,FR,referral,verified,2025-03-03 05:54:00,true
9bc3e4b2-93dc-4ef6-9191-629e7af29166,2024-12-03 06:17:00,AU,paid_search,verified,2024-12-09 03:17:00,false
778a3051-0dac-4992-a861-544ac75cb377,2024-01-04 13:55:00,CA,organic,verified,2024-01-18 15:55:00,false
9bb1361d-c22b-4836-b4c9-f20981854653,2024-01-16 10:47:00,CA,paid_search,verified,2024-01-24 12:47:00,false
b81854de-70b4-48f3-9f1a-6b72d183bdbf,2025-01-04 18:49:00,DE,affiliate,rejected,\N,false
30fcfd25-b718-436b-8946-723dd7801cfd,2025-01-22 03:03:00,GB,paid_search,verified,2025-01-28 00:03:00,false
7fc44ae8-9328-4c3a-b83b-2e15f90fccde,2024-07-31 16:13:00,CA,organic,verified,2024-08-03 04:13:00,false
92e2abcd-2534-423e-b1a3-d06d590eeaa6,2024-10-30 23:33:00,US,affiliate,verified,2024-11-01 00:33:00,true
8a7f70a5-60a7-45cb-99cc-c58d58b82c7e,2024-04-14 17:13:00,US,organic,verified,2024-04-20 05:13:00,false
9b6049fd-7dcd-4df2-92fc-b9df4c52ad77,2024-08-08 13:08:00,GB,sales,verified,2024-08-13 12:08:00,false
4d98fe54-911d-41bf-a74e-9a3f187eacf7,2024-02-06 20:55:00,US,affiliate,verified,2024-02-16 05:55:00,false
9d43e17c-3a3c-4327-a476-8046da5de50b,2024-10-21 21:36:00,CA,organic,verified,2024-11-04 14:36:00,true
d32683cb-bcca-45de-b2e7-796c2b47ca47,2024-06-15 13:51:00,GB,partner,rejected,\N,false
01b284e5-2200-456e-a705-744b46bf8c44,2024-08-11 11:15:00,GB,paid_search,verified,2024-08-20 02:15:00,false
b11e88d5-42a8-418f-9cd9-244ba27afbd3,2024-06-22 15:21:00,GB,organic,verified,2024-06-24 08:21:00,false
35ad2555-1853-4e3c-aa4c-5f1e4d7f7bcf,2025-02-01 19:22:00,BR,organic,verified,2025-02-15 15:22:00,false
6ecf6ae4-f6ca-4281-92c7-4e47f4514103,2024-04-11 13:38:00,US,affiliate,verified,2024-04-25 14:38:00,false
e78d4d41-1262-48e6-a4c1-a8e0108abdbf,2024-08-26 02:48:00,IN,referral,verified,2024-09-09 16:48:00,false
4fd83e9f-5133-457d-aec1-8141b149d04e,2024-11-15 18:55:00,US,paid_search,rejected,\N,false
60dce8fb-9e31-4521-8425-6c4d457ed8d6,2024-11-19 17:50:00,CA,organic,verified,2024-11-20 23:50:00,false
b91d89fb-0643-4160-a850-1fe879e8ca3c,2024-01-20 09:23:00,US,sales,pending,\N,false
e483ed07-32b4-4113-84e6-9e7b1239dd0a,2024-11-11 03:32:00,DE,partner,verified,2024-11-23 14:32:00,false
2141bf9b-c04d-427b-9dc7-6d3a9a147ced,2024-08-19 02:41:00,GB,organic,verified,2024-09-01 01:41:00,true
618b38ae-4509-4fd0-8aa1-c18a977474b0,2024-02-22 18:45:00,US,organic,verified,2024-03-07 14:45:00,false
4a9adc6b-4b0b-4e72-9aef-9a387e649260,2024-08-13 00:33:00,CA,paid_search,verified,2024-08-20 20:33:00,false
00e60571-2055-4b31-b74e-dde43fd8d1fb,2024-06-23 05:38:00,FR,organic,verified,2024-07-06 18:38:00,true
038708b4-8434-4568-849f-5ddac1e7a794,2024-12-13 20:18:00,NL,referral,verified,2024-12-27 22:18:00,false
11cf08bd-7c9c-43b2-801d-00b05afc2075,2024-02-12 02:42:00,US,referral,verified,2024-02-19 15:42:00,false
f85e0782-32e9-40c7-8a19-06c06bf74605,2024-03-08 03:45:00,US,paid_search,rejected,\N,false
64d99d54-2e8c-483b-837f-4173dcd913ae,2025-02-20 12:42:00,IN,organic,verified,2025-03-07 04:42:00,false
05186d8c-b80e-4968-a58c-8ed67d8a85ce,2024-09-17 19:01:00,IN,paid_search,verified,2024-09-21 17:01:00,false
29823d48-59ab-42bf-b9d9-946b715ccc25,2024-04-08 15:08:00,BR,organic,verified,2024-04-15 00:08:00,false
072e9883-4afc-4fdf-9436-873bd203f4c4,2025-03-04 07:56:00,US,partner,verified,2025-03-18 11:56:00,false
c3890c78-34da-4536-b0d4-dece73b84e64,2024-07-11 12:10:00,SG,sales,verified,2024-07-26 08:10:00,false
a66b080d-419d-4d0e-abe5-f31109cf106f,2024-08-12 09:26:00,NL,referral,verified,2024-08-17 12:26:00,false
c582a67a-44fe-45cd-a26d-b0267129c3e7,2025-02-05 22:14:00,NL,partner,verified,2025-02-12 14:14:00,false
22f84ee3-721a-46b3-95bc-c0630813deed,2024-04-09 19:43:00,NL,referral,rejected,\N,false
b9014816-7dab-4a78-9e19-e4d2ff840773,2024-07-15 00:33:00,BR,sales,verified,2024-07-18 12:33:00,false
646233e0-7eda-4bb5-8655-c19e14c48fd6,2024-05-08 09:41:00,DE,organic,verified,2024-05-16 09:41:00,false
d794bd84-bcf4-44e3-9265-3f540e37c679,2025-03-11 11:18:00,US,affiliate,verified,2025-03-14 23:18:00,false
04f7f8b4-d504-479d-949b-f84aa203284c,2024-08-11 10:58:00,IN,affiliate,verified,2024-08-21 02:58:00,false
54747601-6f81-48b8-b560-aa3b190a4425,2024-07-22 00:23:00,CA,organic,verified,2024-07-23 19:23:00,false
0cba63d3-310e-429c-bb96-9dd631af212e,2025-03-06 06:41:00,US,paid_search,verified,2025-03-09 10:41:00,false
84f033e0-dc58-4988-b892-147033507332,2024-12-22 12:48:00,FR,affiliate,verified,2025-01-01 03:48:00,true
6b2ce6e1-8276-48f4-bba5-47e4cccd635d,2024-04-20 12:35:00,DE,paid_search,rejected,\N,false
dd00d738-7bae-4cb9-ad7a-5ae9eabc2632,2024-05-01 17:07:00,FR,referral,verified,2024-05-10 17:07:00,true
b1074d84-d192-4f01-9029-4736ac0941a6,2025-03-04 23:38:00,GB,organic,verified,2025-03-18 12:38:00,false
a0a6b6f9-ebd9-4b23-8c0f-d5ca2751d4a1,2024-08-07 08:39:00,CA,partner,verified,2024-08-19 14:39:00,true
99870bf7-8f6e-4152-b9e8-fb20159b4c63,2024-07-03 10:33:00,DE,paid_search,verified,2024-07-14 07:33:00,false
11e28e86-f532-4b8a-a024-cbec346f88fc,2024-11-21 20:23:00,CA,organic,verified,2024-11-22 06:23:00,false
81b8b685-5401-4b0d-9b9b-7ed379e4be39,2024-12-03 04:06:00,US,paid_search,verified,2024-12-10 08:06:00,false
fbf08d95-6cd9-4042-8d7c-946711fbf38d,2024-11-25 13:53:00,NL,referral,verified,2024-12-05 12:53:00,false
0d77451a-6924-4fd1-9181-ad7a1fa7ff39,2024-03-10 10:45:00,US,organic,verified,2024-03-20 06:45:00,false
90cbec75-5523-493e-bd68-0a081d9315f7,2025-03-29 09:20:00,GB,affiliate,rejected,\N,false
37f9ebf5-5dfa-4b24-b4f7-9e30b39dec60,2024-05-09 09:48:00,CA,partner,verified,2024-05-15 13:48:00,false
e5fe6c0a-9956-4bec-9c1b-c4a7f88d8fd5,2024-06-18 16:07:00,GB,paid_search,pending,\N,false
e618e2c4-b754-4e91-ada9-362edca18847,2024-07-16 18:11:00,CA,partner,verified,2024-07-27 10:11:00,false
f16d50b0-c09d-4074-b9a5-b4ed843e6b43,2024-02-13 07:27:00,NL,organic,verified,2024-02-26 05:27:00,false
72a50166-6da0-4941-871a-1b97dcb118fd,2024-02-22 10:20:00,GB,partner,verified,2024-02-29 00:20:00,false
7fc2616d-d52e-4858-a0a0-91341de831e2,2024-08-15 19:28:00,FR,paid_search,verified,2024-08-23 09:28:00,false
4ea0f25a-5fb4-45f7-a287-0913af9029e6,2025-02-09 09:04:00,CA,sales,verified,2025-02-18 02:04:00,false
4c5afde5-e75a-434d-906b-d6d4c5edb579,2024-01-16 12:54:00,US,organic,verified,2024-01-25 22:54:00,false
b54c9d48-f9a0-48d1-8ce8-93442a892b43,2024-07-06 19:24:00,US,organic,rejected,\N,false
72536a4f-62e5-483b-9007-369ced1e63d3,2024-07-08 19:28:00,US,paid_search,verified,2024-07-21 02:28:00,false
235a104f-56e8-4744-96e0-27009426b060,2024-05-22 15:07:00,GB,paid_search,verified,2024-05-26 16:07:00,false
d5dcf749-1955-4047-8210-30d3e96132ae,2024-05-14 16:45:00,US,affiliate,verified,2024-05-27 19:45:00,false
ce54d48b-3896-4243-802c-dc2c492eb06c,2024-03-03 12:54:00,IN,paid_search,verified,2024-03-07 06:54:00,true
85f8496d-221c-4df0-bda5-2d812b3fea0c,2024-12-15 18:42:00,DE,paid_search,verified,2024-12-17 05:42:00,false
26c7e3f7-d14a-4c51-ae95-43bb409464de,2024-03-22 06:45:00,FR,partner,pending,\N,false
1b314f95-16bb-47e8-9e54-9a9c1ce9c779,2024-03-03 14:50:00,US,referral,verified,2024-03-14 04:50:00,false
6e6de5a5-bcb0-4c65-935a-719c838e3077,2025-02-16 01:08:00,US,paid_search,verified,2025-02-17 23:08:00,false
d50eb2d8-9432-4b1a-b835-3b0291b0e6f7,2024-09-03 00:26:00,US,affiliate,verified,2024-09-15 08:26:00,false
4108669f-edb9-4562-b204-92189d0114b4,2024-08-18 22:43:00,IN,partner,verified,2024-08-21 17:43:00,false
13e15c27-7f0d-4951-8ae0-f1b71ec5f6fe,2024-04-03 12:27:00,BR,referral,verified,2024-04-04 18:27:00,false
fc508dbb-ec2d-46a0-8e19-76fc4db914cc,2024-03-23 18:59:00,IN,referral,verified,2024-03-31 05:59:00,false
02f06a98-0ab3-4c49-83cc-02062a9cf9d2,2024-02-10 16:12:00,US,referral,verified,2024-02-22 12:12:00,false
f5bb22a8-e3fa-4e7d-ab78-37b8218504a4,2024-02-18 00:41:00,US,referral,verified,2024-03-01 11:41:00,false
9598c197-3cf5-406e-8163-471c1c6beed7,2024-11-05 18:53:00,US,sales,pending,\N,true
16a2e6bd-06f7-4f48-b6c5-1317f557ecfa,2024-11-25 02:16:00,CA,referral,verified,2024-12-07 08:16:00,false
7b63780f-b31a-4b08-98d3-b97c00354ab1,2024-11-18 01:18:00,GB,sales,verified,2024-11-24 13:18:00,false
251a6d2e-3ae5-4dbf-9eef-b0befd476bad,2024-06-01 22:04:00,GB,referral,verified,2024-06-05 08:04:00,false
d11b8d9b-b009-4e69-8d15-5ebf4d0f8710,2024-11-06 12:20:00,US,affiliate,pending,\N,false
da07ca0c-b721-46bc-a1f8-3b68df13e324,2024-07-23 12:48:00,US,organic,verified,2024-08-04 13:48:00,false
933349d4-7856-4d44-aa19-6fdebf35775a,2024-08-18 15:09:00,IN,sales,verified,2024-08-24 21:09:00,false
6f2a6aed-f145-4149-975a-028f3aea3366,2025-03-19 13:52:00,AU,organic,verified,2025-03-31 22:52:00,false
74b27fdf-029f-4319-a668-a3c6f86d166e,2024-09-20 22:31:00,GB,organic,pending,\N,false
971248be-4b69-4a8c-ae05-34924f056e44,2024-08-22 15:13:00,US,referral,verified,2024-08-23 17:13:00,false
6db5ad5f-63dd-4cdf-a9b5-2d6e2e1f1c86,2024-12-01 05:30:00,BR,paid_search,verified,2024-12-01 11:30:00,false
bbfe0268-9982-4156-96b5-946341ee69fb,2025-01-07 19:48:00,CA,referral,verified,2025-01-08 20:48:00,false
4bc430bd-befb-44c6-89e1-aa1498369d41,2024-10-10 17:04:00,SG,organic,verified,2024-10-20 09:04:00,false
7e31f790-e738-419e-8dcb-a9b5729a8e93,2024-12-15 03:07:00,CA,partner,verified,2024-12-17 06:07:00,false
be754c74-cd85-47ae-b693-40756e93e168,2024-07-06 12:12:00,GB,organic,verified,2024-07-15 03:12:00,false
d9d83229-b990-476a-8de0-3510c2ab687d,2024-06-19 23:33:00,IN,organic,verified,2024-07-02 23:33:00,false
e849c388-e31b-49f3-b84f-73c44840b017,2024-06-12 13:25:00,AU,paid_search,rejected,\N,false
b1d8dafb-57e3-4f21-bad0-3fb26a528fe0,2025-03-01 00:34:00,US,sales,verified,2025-03-13 02:34:00,false
6c8b1270-711a-42f2-8806-eeb405d71dd2,2024-12-10 11:26:00,FR,referral,verified,2024-12-25 05:26:00,false
750f32fb-ed37-41ed-b582-9a6db14a15c2,2024-12-02 02:36:00,DE,organic,verified,2024-12-03 06:36:00,false
eceb15a8-1061-49a1-b951-8b8dc008a55b,2024-11-13 20:09:00,US,referral,pending,\N,false
c01e9824-c2e5-4c22-b83d-c84b0868fdc2,2024-04-07 08:28:00,CA,organic,verified,2024-04-10 15:28:00,false
6153af3a-0941-4a04-a499-4eb134bd5183,2024-11-09 23:55:00,AU,partner,pending,\N,false
f0bb8504-fbc0-49ca-acfd-5f61d862ff6d,2024-10-14 18:42:00,US,organic,verified,2024-10-22 20:42:00,false
5a7febca-5ac2-4efd-889f-576882c393ff,2024-06-25 01:22:00,FR,partner,verified,2024-07-09 15:22:00,false
d0166fb2-d502-4e57-b111-8421e1aec05f,2024-04-08 15:17:00,IN,affiliate,verified,2024-04-13 12:17:00,false
a99e7eae-bedc-4419-85a3-92dcf58dd64e,2024-12-26 14:44:00,GB,referral,verified,2025-01-02 10:44:00,false
064071e2-3197-4675-b623-301643f1966e,2025-01-04 16:18:00,DE,affiliate,verified,2025-01-19 04:18:00,false
e950302a-e8fe-494d-ad43-5b1c06a526b8,2024-06-25 12:18:00,CA,paid_search,verified,2024-06-27 06:18:00,false
1b694f21-1b93-4cb4-b364-7a66e2f2e54d,2024-09-02 14:12:00,US,referral,pending,\N,false
e63b543c-43ad-4a00-a701-43abe72af86b,2024-02-26 03:47:00,US,affiliate,verified,2024-03-02 09:47:00,false
6cde215e-4637-44b4-9d28-983565518c6d,2024-04-29 09:06:00,US,partner,verified,2024-05-09 12:06:00,true
9c3483af-8310-42be-8eb4-37748bdf1d22,2024-10-08 13:26:00,GB,organic,verified,2024-10-18 18:26:00,false
0afd8a56-a1c2-4a55-a175-4ec4f14129c8,2024-06-13 17:41:00,FR,organic,verified,2024-06-15 16:41:00,false
c4f9fce0-8764-479e-8050-49e90af6aea5,2025-03-11 09:58:00,CA,sales,pending,\N,false
472835c0-e2e6-4229-86d0-191c46df1f30,2024-01-19 20:50:00,IN,organic,verified,2024-01-26 02:50:00,false
102368f8-8f2a-4ffd-aa32-467bc7abfdb1,2024-02-24 18:18:00,DE,referral,verified,2024-03-09 12:18:00,false
22ea245d-fc62-44c1-b815-fe863cafd3ec,2025-03-12 00:29:00,US,partner,verified,2025-03-14 11:29:00,false
b65d5ba6-6cba-4e55-b2dc-40b93a73e428,2025-01-02 13:00:00,DE,partner,verified,2025-01-08 22:00:00,false
81102005-5220-4af1-8b97-a7ea62b2cee8,2025-03-15 04:57:00,GB,organic,verified,2025-03-24 08:57:00,false
7945ae04-101a-47a0-aa6c-60df08ee7d66,2024-04-04 12:30:00,US,paid_search,verified,2024-04-09 21:30:00,false
a68a2a31-1f9f-4389-a1f4-0e6bb04f7c30,2024-05-16 18:19:00,US,referral,verified,2024-05-29 01:19:00,false
a738e68c-eafc-400f-909e-02e0934f2106,2024-02-02 05:07:00,CA,referral,verified,2024-02-05 16:07:00,false
c74109df-d91c-41b3-9af1-091f604273f0,2024-12-26 17:44:00,CA,organic,verified,2025-01-02 02:44:00,false
7df32a67-bb48-4036-ae32-da5156ece352,2024-09-01 12:29:00,CA,partner,verified,2024-09-14 12:29:00,false
8821235b-7518-450f-9fea-0ce97609e96a,2025-01-23 01:51:00,SG,partner,verified,2025-01-27 18:51:00,false
d533b91d-53e8-4699-a246-926365ff29ea,2025-02-07 10:33:00,US,referral,verified,2025-02-15 05:33:00,true
0c65dcf4-b012-41a6-9947-a97e4add161c,2024-10-08 00:12:00,US,sales,verified,2024-10-11 06:12:00,false
25ab67f4-d78b-46a6-a943-128fa5b4fd46,2024-12-14 14:45:00,IN,paid_search,verified,2024-12-16 14:45:00,true
c887489d-16fd-401c-a638-420a859f102e,2024-03-09 00:26:00,DE,partner,verified,2024-03-10 07:26:00,false
e5a2b0d8-6587-4e14-b896-52fcfd50e162,2024-01-12 20:16:00,SG,referral,pending,\N,true
c8435a14-2f0e-4365-9cb6-202c30ceddd6,2024-06-26 06:04:00,IN,organic,verified,2024-06-27 14:04:00,false
ed50b572-e40e-42b7-8cee-6be3ad897719,2024-01-17 17:26:00,SG,affiliate,verified,2024-01-20 16:26:00,false
3ad410e9-330a-4075-84a8-8311b681dede,2024-08-03 19:57:00,CA,partner,verified,2024-08-11 22:57:00,false
d4f23b57-0cf1-4e88-bd56-1e937743f514,2024-10-03 12:41:00,US,affiliate,pending,\N,false
20f83c87-f714-4355-93e5-108ae92dd58a,2024-03-07 07:14:00,SG,affiliate,pending,\N,false
e82c59aa-9e14-415a-a671-8a5fccb336d4,2025-01-04 01:27:00,US,paid_search,verified,2025-01-09 00:27:00,false
c46b4c15-e42b-4237-a337-f43cf90f4e4e,2025-03-25 07:48:00,CA,partner,verified,2025-04-08 11:48:00,false
9a0ecf8f-f8dc-4e65-838a-9a9bddd82e1f,2024-01-09 15:13:00,US,referral,verified,2024-01-22 09:13:00,false
ea742e4e-502f-450c-9577-99359c61020e,2024-01-25 15:47:00,US,organic,verified,2024-02-04 01:47:00,false
d0ef350b-f353-4ef6-af63-6983a77bad0a,2024-01-29 12:32:00,US,affiliate,rejected,\N,false
2aaf037b-4228-4e11-93f4-c553786e5461,2024-10-23 03:49:00,US,sales,verified,2024-10-30 01:49:00,false
6f2540c9-3a54-4120-a39d-216e4c494f5a,2024-09-23 15:26:00,DE,referral,verified,2024-09-25 00:26:00,false
0c289321-2c89-410f-ba97-82385a99ae1f,2024-03-31 04:43:00,US,paid_search,verified,2024-04-10 19:43:00,false
d60dc366-07f3-4a89-8a76-94492e6e4e0e,2024-07-15 00:20:00,US,paid_search,verified,2024-07-23 19:20:00,false
8a61b9c0-06d8-49c6-86cd-e4bee283df42,2024-08-30 15:54:00,BR,affiliate,verified,2024-09-02 18:54:00,false
8d646cb3-c40c-4939-86de-b31fa5144088,2024-08-02 01:33:00,US,paid_search,verified,2024-08-07 07:33:00,true
b2b5f59e-0034-40f5-9b35-827aef77c276,2024-08-18 19:05:00,US,paid_search,verified,2024-08-22 22:05:00,false
c430658d-40da-40f2-94ed-206f133751da,2024-01-21 10:12:00,DE,partner,pending,\N,false
7362e4cc-ccad-45a8-9d56-95e9455b8901,2024-04-16 18:19:00,US,affiliate,rejected,\N,false
57e90141-90ea-43f0-980a-643b839cb204,2024-03-02 07:48:00,AU,partner,verified,2024-03-07 13:48:00,false
481fb684-c29e-4309-bae2-fe0e964ae93b,2024-05-03 01:20:00,GB,referral,verified,2024-05-11 05:20:00,false
93d0bef2-9cef-4ef5-b324-ce10cafaeecb,2024-07-04 00:56:00,BR,partner,verified,2024-07-06 04:56:00,false
dff01f36-91a9-4640-bf4e-ca0a7079ef1d,2024-06-12 14:23:00,DE,organic,verified,2024-06-13 15:23:00,false
99f6dcc7-3d98-43c5-a021-693ad866b4ce,2024-05-14 01:59:00,US,organic,verified,2024-05-23 00:59:00,false
7564a2ae-b345-487c-9268-6a7ece46b325,2024-10-18 15:31:00,US,partner,verified,2024-11-02 07:31:00,false
16c12c36-3129-41fc-b5ca-5d82c3d0f7e5,2025-01-06 04:47:00,AU,paid_search,verified,2025-01-09 20:47:00,false
260a7deb-b7dc-4cdc-bc73-556c7be6fd9a,2024-10-06 23:11:00,DE,referral,pending,\N,true
3717e67b-e61b-499b-8688-82a73e93139c,2024-01-18 10:52:00,CA,sales,verified,2024-01-18 15:52:00,false
e269c20a-1215-4bd5-92f9-6cd9c5d50411,2024-12-28 12:00:00,CA,referral,verified,2025-01-07 07:00:00,false
d2f36326-7de8-4ce4-902c-a9af43e93c1b,2024-11-11 23:42:00,DE,paid_search,verified,2024-11-12 04:42:00,true
ca626e87-c05a-4edb-82f4-e4898f722b58,2025-01-04 16:34:00,US,sales,rejected,\N,false
4d0a01bc-fcf3-45ad-8e91-2675e8fa34ea,2025-02-16 13:06:00,GB,organic,pending,\N,false
03fe5249-9a65-48fe-b851-5d98831e88fa,2024-05-09 19:17:00,US,affiliate,pending,\N,false
a991dcfa-37ab-4351-8e76-012d730e2c5d,2024-05-05 06:14:00,FR,sales,verified,2024-05-07 01:14:00,false
8ea80f1b-7611-486a-a087-82439116de4f,2024-02-17 20:24:00,US,organic,verified,2024-02-28 01:24:00,false
c16e4588-b039-4d5a-b8bb-d517ccf0ed4d,2024-09-12 21:41:00,DE,sales,pending,\N,true
67e2e57f-c0b7-4ef6-b903-676605da86b9,2024-09-27 09:14:00,IN,referral,verified,2024-10-12 05:14:00,true
f9972e86-9afa-4b97-b6e9-4767928bcf60,2024-02-09 05:59:00,DE,organic,verified,2024-02-20 21:59:00,false
0729d6d0-80ee-46d1-b799-1b3b31dc4172,2024-06-10 08:13:00,IN,paid_search,verified,2024-06-18 21:13:00,false
9de70b9d-77e6-4ad8-a452-791af6a893a5,2024-10-17 20:43:00,US,partner,pending,\N,false
3f546c25-a6ef-496a-bc6d-a4f2bd248248,2024-12-19 07:05:00,US,paid_search,verified,2024-12-26 18:05:00,false
ad2020b4-a944-4559-8b40-b3c82bab67c7,2024-06-24 03:49:00,CA,partner,verified,2024-07-06 21:49:00,true
c9c9a1d7-8c33-4374-b0ea-67acb6b528ab,2024-05-19 22:31:00,IN,paid_search,verified,2024-05-31 19:31:00,false
55df9404-54aa-4a4e-b434-5bb7823d4e87,2024-12-04 20:05:00,BR,partner,verified,2024-12-11 05:05:00,true
52d67a8c-7a19-4f1f-897f-bb258e3ccd59,2024-03-19 20:45:00,US,paid_search,pending,\N,false
6b651dc3-d449-4ec0-bd26-9b5e8d7d2c84,2024-02-16 08:19:00,US,organic,verified,2024-02-22 04:19:00,false
2c3bea8a-fb66-45af-9a99-b912a4c61336,2024-10-13 01:32:00,US,referral,verified,2024-10-13 16:32:00,false
6ddf9c3b-2b3f-4b7c-86f6-5e7e34b5499c,2025-02-05 18:55:00,CA,partner,verified,2025-02-12 01:55:00,false
706643d0-e8f7-4a21-8303-55d251ef1120,2024-10-13 15:36:00,CA,organic,verified,2024-10-28 07:36:00,false
5831f497-b51b-4221-8cbb-e95e0cdfbd17,2024-09-09 12:04:00,GB,referral,verified,2024-09-15 11:04:00,true
6d02ec5c-448d-41e3-828a-737efa7d9f13,2024-05-08 15:46:00,FR,paid_search,verified,2024-05-21 09:46:00,false
fc1b4c43-39c8-486a-955f-5046ec400d11,2024-01-04 20:21:00,CA,sales,pending,\N,false
b09fcc8f-518c-4799-8254-d37eb05d54d2,2024-08-09 04:38:00,DE,partner,verified,2024-08-16 02:38:00,false
a825f2ce-4ad9-4f30-a772-d9f02b56bedf,2024-03-31 20:20:00,FR,affiliate,verified,2024-04-15 17:20:00,false
d5c309ea-ff05-475a-894a-9889631cda5f,2024-06-15 20:17:00,CA,organic,pending,\N,false
c02ddefc-c3eb-476d-99fb-f5562eeba261,2024-10-31 01:11:00,US,partner,verified,2024-11-11 20:11:00,false
afd3ac4f-a495-4321-873b-9852319a9dfe,2024-04-17 22:51:00,US,sales,verified,2024-05-02 18:51:00,false
82a75a4d-0d5e-431b-b3bd-bbe0acdf297f,2024-12-10 23:08:00,US,organic,verified,2024-12-16 04:08:00,false
dc754611-e1cd-4152-a55e-6a7cdf31102a,2024-07-12 10:28:00,GB,paid_search,rejected,\N,false
cc821364-7c60-4bde-a17a-48d984b522f3,2025-03-22 06:26:00,AU,sales,verified,2025-03-30 00:26:00,false
e3e6443e-0cfa-4d3f-a0c1-fb36d732fb8d,2024-02-13 11:49:00,CA,referral,verified,2024-02-27 17:49:00,true
c15e3dac-194d-4d8f-9279-6022486ab414,2024-11-27 05:41:00,NL,paid_search,verified,2024-12-04 08:41:00,true
c1986d43-c7c9-4eeb-b9b4-a96d2e0d3c41,2024-05-12 15:32:00,DE,referral,verified,2024-05-24 14:32:00,false
75c915f0-76b4-4882-b7b8-a723595e25d2,2024-07-19 22:49:00,GB,paid_search,verified,2024-08-03 17:49:00,true
fb199649-8603-43fe-8b7f-8221b1d47b4e,2024-02-23 17:26:00,US,sales,pending,\N,false
dfad4945-4d66-48f9-9183-378ed8adaf2d,2024-06-27 17:21:00,GB,paid_search,verified,2024-07-02 04:21:00,true
e2e7653c-7632-450f-8930-1836840e2c8a,2025-01-05 06:28:00,US,partner,verified,2025-01-11 17:28:00,true
c2eb3a84-b681-44d7-8082-4672b6bd3db7,2024-06-25 04:06:00,IN,partner,verified,2024-06-28 18:06:00,false
b5f744e0-ddb5-48d3-8470-c2ae41986f1b,2024-10-09 13:21:00,US,paid_search,verified,2024-10-19 11:21:00,false
dc1821d5-6cbc-4cd1-a234-62ce5bd56856,2024-11-24 05:27:00,IN,paid_search,verified,2024-12-07 09:27:00,false
5843be15-d1ea-48c6-bb1b-3f8785c88796,2024-01-04 06:13:00,DE,partner,verified,2024-01-05 16:13:00,false
92d36c84-e800-42b4-a8b9-0e8e3ee956e9,2024-07-06 18:12:00,FR,referral,verified,2024-07-12 10:12:00,false
e24aa9f0-d790-45e6-b37c-019ff86ac06b,2024-06-10 03:24:00,US,paid_search,verified,2024-06-22 17:24:00,false
01cedb89-c771-4067-8eb2-ef57d23ec4d9,2024-03-30 05:45:00,IN,referral,pending,\N,false
bddd8216-8233-4112-918a-9d546f1c5e44,2024-06-09 11:15:00,CA,organic,verified,2024-06-13 10:15:00,false
8e36ab59-076f-455b-8f41-ec7130d2d718,2024-11-01 12:36:00,GB,referral,verified,2024-11-05 13:36:00,false
6191b821-1918-4192-bb5e-da4b5bc8997e,2024-03-30 01:10:00,US,sales,verified,2024-04-02 02:10:00,false
abc22338-6af5-43e7-873b-c596a96d3d42,2025-03-19 19:00:00,BR,affiliate,verified,2025-03-24 00:00:00,false
a7fd22bb-f2b9-42f3-a7bd-da03387b28fa,2024-09-10 21:43:00,GB,organic,verified,2024-09-20 10:43:00,true
fa353ad0-434f-4bad-b3a3-d7ee4414d691,2025-01-24 15:18:00,DE,organic,verified,2025-01-29 12:18:00,false
5e649d66-1b67-48ac-8eea-edec6c91bf68,2025-01-15 23:35:00,US,partner,verified,2025-01-28 06:35:00,false
a135b36f-701d-43a2-8f6e-d4a4ad3eed51,2024-07-07 01:52:00,DE,affiliate,verified,2024-07-16 12:52:00,true
77002b06-9aec-4c0f-a669-b77bf77c27da,2025-03-01 04:48:00,GB,paid_search,verified,2025-03-01 22:48:00,false
c9a54f42-3eeb-42d7-bd03-35216cae22e3,2024-08-12 11:49:00,US,partner,pending,\N,false
b32a2d81-aec5-47a6-94aa-137ab40c548c,2025-03-17 06:39:00,FR,partner,verified,2025-03-20 20:39:00,false
79f36453-74d6-4eb8-9ff7-6e8040800596,2025-02-16 09:36:00,DE,organic,verified,2025-02-22 10:36:00,false
cec0ec5a-a2f8-4f00-953e-cc1deeb2203e,2024-05-29 17:36:00,NL,partner,verified,2024-06-09 18:36:00,true
dc48f268-0b3f-46e9-a1f6-e6946e202280,2025-01-19 21:58:00,BR,organic,verified,2025-01-25 20:58:00,false
a07b3a73-ec15-4871-9703-4da97df6c18c,2024-05-07 12:45:00,SG,partner,verified,2024-05-12 20:45:00,false
1672d4d0-1336-474b-9861-4e3d69d28e2f,2024-10-23 04:17:00,GB,referral,verified,2024-10-31 06:17:00,false
cd46d2ae-34ea-4eef-a556-e9251ebfcd37,2024-02-17 20:32:00,IN,paid_search,verified,2024-03-03 17:32:00,false
96982261-5a17-4401-acf9-0df71a60694a,2024-06-17 02:00:00,BR,organic,pending,\N,false
28c51e9d-0014-4150-952d-f3afe0b8476a,2024-11-22 05:44:00,BR,paid_search,verified,2024-11-23 15:44:00,false
9511caeb-d82c-471c-b884-ff656497848f,2025-02-26 14:31:00,US,referral,verified,2025-03-04 17:31:00,false
9e6e8aeb-73d9-4b3d-90d5-63101e5c00fe,2024-09-05 18:57:00,US,referral,verified,2024-09-06 20:57:00,false
6ea832f3-fe9f-4f3c-bc42-f209eacd2a55,2024-01-09 11:59:00,GB,organic,pending,\N,false
709d248d-0f74-4a58-ac85-51584cbfab31,2024-04-14 06:58:00,US,sales,verified,2024-04-28 04:58:00,false
4acfbe6b-5ae3-4909-bc50-d73055431f8c,2024-02-18 04:23:00,FR,referral,verified,2024-02-26 04:23:00,true
df58c429-3923-4f0a-9edc-39d86cf7455b,2024-11-16 17:46:00,GB,organic,verified,2024-11-21 18:46:00,true
8dac1279-8a30-4ed0-b7e4-1042b28dc382,2024-04-19 23:04:00,GB,paid_search,verified,2024-04-24 20:04:00,true
93c4c056-94dc-4fbe-9d8e-eb5d2cb420bf,2024-06-24 11:55:00,GB,organic,verified,2024-06-27 08:55:00,true
4071a407-3f96-442b-b154-de757009664c,2025-02-16 11:06:00,US,partner,verified,2025-02-22 22:06:00,false
977bd9ff-1663-4daa-9763-733409d115c1,2024-03-10 04:43:00,DE,referral,verified,2024-03-21 13:43:00,false
15101c6b-28b4-4bba-a574-2dc94df86391,2024-06-29 07:13:00,IN,referral,verified,2024-07-02 14:13:00,false
16e8f57e-07da-4d3d-a24b-e4b5e1c05143,2024-04-21 10:57:00,DE,paid_search,verified,2024-04-24 03:57:00,false
221512b6-d4ca-4b6c-bcee-bc992499e84f,2024-06-10 12:15:00,US,referral,verified,2024-06-12 09:15:00,false
9ae5a9e9-248d-4541-b74f-f64969ec027a,2024-05-26 06:01:00,FR,paid_search,pending,\N,false
532971b7-0c4e-42c1-8c77-15cd60423e70,2024-09-17 14:47:00,US,affiliate,verified,2024-10-01 10:47:00,false
92060ed9-3152-4468-9a92-3c7fd1121b2b,2024-09-10 20:07:00,DE,referral,verified,2024-09-24 12:07:00,false
04775d03-d2f6-40b1-8cf5-a96cebbe7a14,2024-07-03 18:08:00,GB,referral,verified,2024-07-15 23:08:00,false
21779ed8-0cbd-44df-ad7d-2d4c34f24aad,2024-08-29 10:01:00,US,organic,verified,2024-08-29 19:01:00,true
54b6053f-dc9f-4028-89a2-df4e9734e16e,2025-02-08 20:32:00,SG,paid_search,verified,2025-02-19 14:32:00,false
da58c122-855a-46b6-b347-90cdaa871dd7,2024-11-24 01:34:00,US,organic,verified,2024-11-30 01:34:00,false
f0b16ba7-9d2e-435a-815e-7de58d8e1d22,2025-02-17 12:34:00,FR,sales,verified,2025-03-02 02:34:00,false
1def9b66-85c5-4bb1-b768-b2c5605672f6,2024-02-03 17:44:00,US,organic,verified,2024-02-08 21:44:00,false
a68a5010-3252-4a85-895a-6772bd49afd8,2024-08-21 03:38:00,SG,partner,verified,2024-09-04 10:38:00,true
e5c8e2ca-5e9b-4c0e-b6ca-d208ecca22b0,2024-12-28 12:44:00,IN,referral,verified,2025-01-08 04:44:00,false
633cd602-a777-4fe8-807c-b30c945bedae,2025-01-04 16:10:00,AU,organic,verified,2025-01-10 11:10:00,false
77c78590-d0fa-4dcf-a332-8705c18c36da,2024-06-20 21:17:00,AU,referral,verified,2024-06-26 13:17:00,true
ced4dc10-f55f-412b-8e89-1105a38d943e,2024-08-22 00:23:00,US,organic,verified,2024-09-03 04:23:00,false
feebfe77-2a29-4a02-af7c-54ec0d1807ef,2025-04-03 02:43:00,SG,organic,verified,2025-04-08 00:43:00,false
524b4c24-93eb-4d6d-b09d-4587a8c489ad,2024-01-07 15:02:00,IN,organic,verified,2024-01-15 21:02:00,false
fd444a8c-a270-423a-bab2-ee67a30117b4,2024-01-20 01:51:00,SG,paid_search,pending,\N,false
7d25957e-8bf9-4d0b-b327-e15b59164ed0,2024-08-02 07:20:00,DE,organic,verified,2024-08-04 00:20:00,false
3cab65fa-81cd-4af4-b652-9204d33c5011,2024-01-27 13:14:00,NL,affiliate,pending,\N,true
d838e729-6246-4327-867e-7e3dbe1e548e,2024-08-26 17:49:00,US,referral,pending,\N,true
e46afd54-836e-460d-8912-dbc9449fadc1,2024-04-12 17:36:00,AU,organic,pending,\N,false
5b554cd3-4e93-42c5-9a81-64871d346fd6,2024-09-09 14:46:00,SG,organic,pending,\N,true
e268886e-52bf-4b3e-9fc5-7a6724b1d77b,2024-07-28 08:14:00,BR,sales,verified,2024-08-10 23:14:00,false
8a15a067-5e2c-47d9-b582-c65798a5c448,2024-01-02 05:24:00,AU,organic,pending,\N,false
121ffcf0-712a-4cef-94dc-2fcf5a6e1c55,2024-05-01 21:31:00,NL,organic,rejected,\N,false
c19fe014-54f5-4b80-9bbc-b6f39d1e5eeb,2024-01-23 15:57:00,CA,affiliate,pending,\N,false
cbdf035f-2ff5-4f1c-aaf8-5356949328b0,2025-01-17 10:37:00,FR,paid_search,verified,2025-01-20 08:37:00,false
ee5311a8-6acb-4509-b03d-2a58a2fcab1b,2024-02-01 21:42:00,US,organic,rejected,\N,false
b54fd8fe-52f9-43e1-9ea7-b5bd8e8edf4b,2025-02-14 20:44:00,US,paid_search,pending,\N,false
5566cdda-b456-4d84-aee9-dc735d9d6098,2024-04-13 12:49:00,US,organic,verified,2024-04-15 21:49:00,false
16a9e621-d847-46be-99be-0bee4e0622f5,2024-07-27 11:34:00,GB,referral,verified,2024-07-31 23:34:00,false
f53c2c5c-ec89-4953-9a41-9c93663c8b34,2024-02-16 13:51:00,DE,organic,verified,2024-03-02 11:51:00,false
2980f75e-e588-41f5-ab08-badad547a3b1,2024-03-16 10:45:00,CA,organic,verified,2024-03-24 02:45:00,false
cc093d1b-88bb-44c8-8731-d83ea79ce485,2025-02-23 13:01:00,BR,referral,rejected,\N,false
262023ec-9117-422c-9c3d-b469ba4572f4,2024-02-18 22:06:00,US,organic,pending,\N,false
451425a4-1935-4ccf-9823-d8dee39ea622,2024-04-23 12:12:00,CA,referral,pending,\N,false
83eab082-9c5e-41ff-a0e0-7cdc5b920634,2024-10-26 02:16:00,US,affiliate,pending,\N,false
5a3239a4-846e-4f83-91f8-310080b926e5,2024-11-26 22:51:00,US,affiliate,verified,2024-12-04 01:51:00,true
4bf1c581-40ec-4b03-8155-b87759e4b081,2024-10-20 21:52:00,US,partner,verified,2024-10-31 13:52:00,false
77726bf5-84da-4091-ab4b-2c95ac13b88d,2024-04-19 13:17:00,US,referral,verified,2024-04-22 19:17:00,false
1a26e57e-1963-42f7-b773-c655b11ec8f0,2024-05-31 23:26:00,GB,organic,pending,\N,false
8b67f95c-6b37-4d2f-88a9-3e54b85316fa,2024-08-02 14:41:00,GB,referral,pending,\N,false
720317e4-33f7-45e9-bb81-9bc19eaf5d78,2025-02-10 08:24:00,CA,referral,pending,\N,false
7ad6c3d8-da86-42be-836c-3d8826cebbfa,2024-10-17 00:20:00,US,referral,verified,2024-10-20 22:20:00,true
2a1e8455-d3b3-4035-9126-9f7f94f5c00e,2025-02-19 16:03:00,GB,paid_search,pending,\N,false
a1420ead-0b55-41e9-907e-9bc5e0f41f41,2024-04-29 13:06:00,US,sales,verified,2024-05-04 18:06:00,false
f982f5a9-ecfa-45ca-abf1-9682430b17e7,2024-01-29 15:36:00,BR,paid_search,pending,\N,false
57c18e68-2830-472a-9446-eed87d7d53ce,2025-03-08 13:11:00,BR,partner,verified,2025-03-15 09:11:00,false
e28b495a-d540-46a6-a22e-d4ec9cf697c3,2024-01-16 06:44:00,DE,referral,verified,2024-01-28 10:44:00,false
8ce2c03e-41a8-46d8-bb76-69729bf67b72,2025-02-18 23:34:00,US,organic,verified,2025-03-01 12:34:00,false
48ccb376-d219-402a-96dc-79dfc04f1f03,2024-01-12 00:30:00,US,organic,verified,2024-01-25 04:30:00,false
399cb5cd-2a7a-407a-a306-f251381db1be,2025-02-14 18:03:00,AU,organic,verified,2025-02-27 08:03:00,true
1f7c05b9-918d-4963-a1d3-3c64d10114e5,2024-09-26 19:04:00,CA,organic,verified,2024-10-11 00:04:00,false
f3cbad19-ed86-4dc2-9d7f-4560ae8f28b7,2024-03-10 13:46:00,BR,affiliate,rejected,\N,false
27f83a6a-5a2e-45a5-80a0-23d32e154624,2024-03-31 06:35:00,SG,organic,verified,2024-04-13 10:35:00,false
53663996-1870-470c-88ab-bd4d1abacc9a,2024-03-30 20:19:00,US,partner,verified,2024-04-06 04:19:00,false
d1ff4365-d456-4339-a485-fe1ac9c34d8c,2024-10-20 20:54:00,NL,organic,rejected,\N,false
fda52478-6fc4-43a0-9d60-deffcb002cf5,2025-02-19 03:14:00,IN,organic,verified,2025-02-21 10:14:00,false
cabc74e7-4fb4-40d8-b65c-ab982d6f98c5,2024-05-01 19:20:00,BR,partner,verified,2024-05-03 18:20:00,false
1e390260-7b59-41d7-8e68-a8fd6e42984e,2024-06-20 22:00:00,AU,paid_search,verified,2024-06-26 07:00:00,false
fb95b5e4-183e-4c1b-9bab-ca00c5a3d40a,2025-01-03 08:03:00,NL,affiliate,verified,2025-01-12 08:03:00,false
a8aaaae1-5dc6-4c20-b717-a0cc5555361d,2024-07-12 19:34:00,SG,referral,verified,2024-07-23 02:34:00,false
5edc38d0-f26c-4ee0-875b-1ce8da3f402b,2024-04-25 13:28:00,US,paid_search,verified,2024-04-26 08:28:00,false
158831f5-3941-4776-8336-b5cc97600f63,2024-02-07 18:10:00,US,organic,pending,\N,false
25e8c1c6-5600-4dd9-b491-d1771b0f6f21,2024-02-17 18:38:00,IN,partner,rejected,\N,false
0751117b-c45f-4695-bd83-e1fc8589612a,2024-11-30 13:38:00,US,organic,pending,\N,false
fd29f126-233b-4746-b8f4-494fbb7c846e,2024-04-07 21:44:00,US,paid_search,verified,2024-04-19 11:44:00,false
9488bc29-f726-490b-ac89-0d6b95fe9c5f,2024-01-26 20:36:00,US,paid_search,verified,2024-02-06 09:36:00,false
ffc4ca84-8864-4704-b7ec-075780e80993,2024-05-31 05:40:00,US,organic,verified,2024-06-04 13:40:00,false
897eb54d-b330-4931-b32a-0e1fae3436fd,2024-02-11 23:54:00,GB,affiliate,verified,2024-02-20 12:54:00,false
397d5fc1-8c07-42af-9450-ba1b5ab09ec1,2024-11-25 01:24:00,CA,paid_search,verified,2024-12-03 06:24:00,false
f6c43a12-c64a-4374-82e1-de5dadd9ffda,2024-08-26 16:14:00,DE,organic,pending,\N,false
90891580-88bc-4faa-9814-d7422f3f02e4,2024-02-19 10:42:00,CA,partner,verified,2024-03-02 01:42:00,false
92a3f813-7abd-410b-9376-b319b5841648,2024-02-01 20:52:00,AU,affiliate,verified,2024-02-13 08:52:00,false
53142833-591d-44c3-94e4-37d1b7434082,2024-04-30 23:19:00,GB,affiliate,verified,2024-05-01 18:19:00,false
8a914330-7742-44a3-8c72-3b26af9dd55c,2024-12-13 03:09:00,US,affiliate,verified,2024-12-22 18:09:00,false
c8c7a148-1e97-4b51-b683-d047ca3c1125,2025-02-17 14:08:00,NL,paid_search,verified,2025-02-19 08:08:00,false
bdf87c8c-e577-4998-8c29-2dcb66ca20b5,2024-11-17 12:53:00,IN,affiliate,verified,2024-11-24 09:53:00,true
ffc097d2-f44b-47a3-9f3a-e222f6136421,2024-07-18 01:25:00,GB,affiliate,verified,2024-07-24 00:25:00,true
a73b78ab-0298-49f4-a9e6-67f9e7a1af55,2024-12-25 03:37:00,US,organic,verified,2025-01-03 03:37:00,false
0c6a8896-5c92-4c10-bfdb-3b1c07399b5b,2024-10-25 11:59:00,SG,sales,verified,2024-10-27 16:59:00,false
19bbd23b-2a92-4880-b0da-3c33c9acde44,2025-03-25 21:16:00,DE,referral,verified,2025-04-05 07:16:00,false
e34facf2-e091-43bd-bf59-c01c4caba95c,2024-07-25 12:39:00,CA,paid_search,verified,2024-08-09 09:39:00,false
3823ef81-b1dc-4009-8682-48bb0e968e7e,2024-12-19 15:03:00,IN,organic,verified,2024-12-25 10:03:00,false
22de0da7-d60e-49f8-8734-de2e546dcdc2,2024-06-04 17:17:00,BR,partner,pending,\N,false
ca34a034-c4ec-42fc-bc14-b8fde309e778,2024-04-26 12:19:00,GB,sales,rejected,\N,false
6424728a-f7a2-4ca7-af80-e2f2657d257b,2024-08-02 03:41:00,US,sales,verified,2024-08-11 15:41:00,false
d33505b7-8dc0-4b76-96a5-8b7632f8694c,2025-01-24 00:55:00,GB,organic,verified,2025-01-25 06:55:00,false
e9f0c93e-1729-43fe-9d5e-42ab89f5aa37,2024-09-16 20:08:00,GB,referral,pending,\N,false
49cb497a-2bb8-4dac-9ff8-2dd24c7c65e0,2025-03-24 14:53:00,GB,affiliate,verified,2025-03-25 08:53:00,false
a7008cb9-e082-4758-a40c-11bd0b4c1dd6,2024-05-20 19:52:00,FR,organic,verified,2024-05-29 08:52:00,true
3a65b173-a9f7-4df4-a106-9ec872ca78dc,2024-07-09 23:38:00,DE,paid_search,verified,2024-07-20 03:38:00,false
e09482e9-c0b1-47a5-a5ae-8d3cfa411006,2025-04-02 16:47:00,US,organic,pending,\N,true
240baca2-8a53-4fc1-ab71-5605028d5323,2025-03-14 02:49:00,BR,referral,rejected,\N,false
a5462dba-a84f-4e1c-8c91-6a911d515749,2024-05-18 04:26:00,US,affiliate,verified,2024-06-01 19:26:00,false
75570d66-3d06-4600-a658-20e5fbe91979,2024-11-03 08:14:00,AU,partner,verified,2024-11-09 22:14:00,false
96cdb38a-dae7-40a2-8af4-26ffc1fe28e0,2025-04-03 20:54:00,US,paid_search,verified,2025-04-09 07:54:00,false
39a11226-edac-41fc-a9c1-2f6fab3ab130,2024-11-15 20:37:00,NL,affiliate,verified,2024-11-26 19:37:00,false
3c6d154e-b1b3-4562-90e7-3b37789097e6,2024-10-15 04:38:00,AU,referral,verified,2024-10-21 14:38:00,false
926e9d3a-e454-4cca-a178-8bc18a2169c6,2024-05-22 04:20:00,US,partner,pending,\N,false
6f870909-c660-4914-a5dd-e425a7b22a05,2024-06-01 14:09:00,IN,sales,verified,2024-06-06 19:09:00,false
13386fb6-f36c-4180-8f2d-6377f90981e2,2024-11-03 20:42:00,AU,referral,verified,2024-11-06 21:42:00,false
c6e7f23a-a813-4aa3-85d0-65496b171c1b,2024-05-12 21:25:00,DE,affiliate,verified,2024-05-13 17:25:00,false
e03d680b-a743-4b35-b8fb-061b9db5f280,2024-06-25 07:45:00,FR,referral,verified,2024-07-06 18:45:00,false
e819532a-8828-4e6f-bcb9-1dff0f298184,2024-07-03 00:19:00,BR,sales,pending,\N,false
b3f88975-eea1-4fd4-8dca-881c4e23647e,2024-02-19 23:08:00,SG,organic,verified,2024-03-02 23:08:00,false
50330c29-7064-4e37-a05f-17a588865fcd,2024-06-21 04:05:00,SG,paid_search,verified,2024-06-26 00:05:00,false
78914c99-b7c4-4e81-b942-f23562fc871a,2024-06-18 19:16:00,BR,referral,verified,2024-06-28 18:16:00,false
6ac2b0ef-c91e-4448-92ca-bcb1bdfead39,2024-10-26 02:39:00,GB,sales,verified,2024-10-30 07:39:00,false
1d6773ab-bc75-451f-ab9c-184f3a2214fa,2024-06-01 21:03:00,US,affiliate,pending,\N,false
aed7fc2e-87c9-4980-b09a-1ce46712e16c,2024-10-18 22:09:00,SG,referral,verified,2024-10-22 20:09:00,false
281d2e6e-371d-4a73-a8bb-e43f84c102d4,2024-03-31 18:40:00,US,partner,verified,2024-04-10 11:40:00,false
483109d5-755c-4d76-84ce-8800192cb414,2025-01-26 13:31:00,SG,organic,pending,\N,false
908f52ab-ad00-442f-be4d-6a644c3caf4f,2024-08-07 20:27:00,CA,organic,rejected,\N,false
4ddf44d5-bdeb-47ca-82ed-1cb70e716a89,2024-07-10 08:57:00,US,partner,verified,2024-07-21 17:57:00,false
6b06a084-f014-41e5-b9c0-07c342f318ec,2024-05-07 15:44:00,US,organic,pending,\N,false
e959d6f0-be6a-4102-a4db-cc9b8e1b55d7,2024-06-05 13:04:00,US,paid_search,pending,\N,false
b9c61ce1-2a3b-43dd-a174-08aa42acba1b,2024-11-02 00:21:00,NL,paid_search,verified,2024-11-16 17:21:00,false
c338986f-8a26-4ce2-8862-2337393be543,2024-07-02 14:10:00,IN,paid_search,rejected,\N,false
02a5c21d-ee8b-4e77-a559-4a555ca2e669,2025-01-07 12:13:00,GB,organic,verified,2025-01-20 03:13:00,false
2834acd5-397d-4376-9c8f-0be9fe68d5e8,2025-02-09 09:24:00,US,referral,pending,\N,true
e3d41fe8-318e-4f37-a649-5f0e2aa3b929,2024-01-26 05:06:00,US,organic,verified,2024-01-26 17:06:00,false
cadd21fe-a42b-499a-adcb-77a5cb86a1ff,2024-03-05 01:16:00,US,partner,verified,2024-03-08 09:16:00,true
8facbc57-7f2f-48cb-a99b-0ded0698951c,2024-08-04 05:06:00,FR,partner,verified,2024-08-10 01:06:00,false
ffd513d9-43b8-4a27-9583-49940a5c545f,2025-04-05 11:32:00,US,partner,verified,2025-04-08 01:32:00,false
cbd84303-60f1-4e21-9bfe-26de43dae1d8,2024-11-07 14:49:00,NL,paid_search,verified,2024-11-18 19:49:00,false
1aae98d4-9ea8-4aba-9363-de2e6248c68c,2024-03-23 09:35:00,AU,referral,verified,2024-03-27 21:35:00,false
60865133-3629-487f-8a69-12d7d18ecf0b,2024-01-08 05:05:00,BR,partner,pending,\N,false
cee1b258-24b0-490e-b129-eefcb68ea7f7,2024-02-17 00:04:00,IN,referral,verified,2024-02-19 05:04:00,false
fc5afa9f-069c-4d12-88ed-4931115db59a,2024-05-31 16:29:00,IN,sales,verified,2024-06-04 11:29:00,false
251f731e-bcb6-4fbe-b1db-19eae8e2301d,2024-12-12 18:27:00,BR,affiliate,verified,2024-12-14 20:27:00,true
7f9215d7-fba7-4664-a757-cbc4c063e08e,2024-03-12 05:41:00,IN,affiliate,verified,2024-03-19 22:41:00,false
0fa853cb-56e3-4dfc-ba87-6dec67ea05b0,2025-01-10 10:23:00,US,paid_search,pending,\N,false
bd0abf83-5743-4bfb-ab24-109644eaa07d,2024-05-19 20:44:00,BR,referral,pending,\N,false
e77a5ec1-6fbf-49b4-b605-c7dccc77c894,2024-02-27 12:44:00,US,affiliate,verified,2024-03-01 23:44:00,false
2bdbce1a-ef9c-4554-9a9f-13a0a0a6154a,2024-10-19 05:28:00,SG,referral,verified,2024-10-27 09:28:00,false
add43835-45e0-44ed-818c-13e558bc7bd4,2025-03-27 07:57:00,US,paid_search,verified,2025-04-06 18:57:00,true
d6a2d808-8f3a-47e2-ab1f-e9e08d48ea4b,2024-05-14 04:20:00,GB,partner,verified,2024-05-28 17:20:00,false
888b2dfc-2165-45d9-97fd-70db59a560da,2024-04-25 05:55:00,AU,referral,verified,2024-05-06 10:55:00,false
db5c1a0a-acf9-4ee8-8c3c-9637ec30479e,2025-01-07 15:30:00,FR,organic,verified,2025-01-22 03:30:00,false
0e9f9226-ed81-4518-add2-a83b157ae7ae,2025-04-02 03:03:00,GB,referral,verified,2025-04-05 13:03:00,false
d8c275fd-2f2b-47f3-aabf-f7878d3a28cd,2024-03-25 10:48:00,US,organic,verified,2024-03-30 15:48:00,false
7b6e833b-0763-4f39-a726-e26bde40025a,2024-10-09 04:24:00,US,paid_search,verified,2024-10-14 06:24:00,false
7a94147f-6ee6-4ed6-aaa6-0daaf3123092,2024-02-15 23:28:00,SG,organic,verified,2024-02-26 15:28:00,false
d1fb533e-2bc8-456d-aa01-8132e6f0ef5b,2024-01-20 01:35:00,BR,affiliate,verified,2024-01-22 01:35:00,false
33343402-f33b-49c3-b516-731bafc5441b,2025-04-01 00:35:00,GB,paid_search,verified,2025-04-15 09:35:00,false
6e7ee9e9-9305-4590-a6cd-90206aedb56c,2025-02-22 15:54:00,SG,referral,verified,2025-03-06 15:54:00,false
b2e4ef4f-d5cd-441e-8cfd-3d2a5b23fd18,2024-07-06 06:28:00,US,paid_search,verified,2024-07-20 09:28:00,false
dfaea4d4-d478-4c83-8d9a-360a848d273b,2025-02-13 17:35:00,US,organic,verified,2025-02-16 01:35:00,false
ca0b7065-2265-441a-b2dd-1593050d8d2d,2025-01-03 07:46:00,FR,organic,verified,2025-01-08 19:46:00,false
b3e55a99-1475-4619-b51b-6f8b44283ac4,2024-07-20 14:29:00,US,paid_search,pending,\N,false
cf194ad8-ddcf-49b2-9eb3-e17c8689f0ab,2024-01-25 04:53:00,SG,paid_search,verified,2024-01-27 21:53:00,false
fe77f1c5-0f62-42d4-a429-0cb4b1af56c7,2024-09-15 12:31:00,DE,paid_search,verified,2024-09-16 14:31:00,false
a89fb3dc-d006-4f6f-9f04-861cfcac137f,2024-09-17 13:44:00,US,referral,verified,2024-09-20 08:44:00,false
bce932ed-f683-43cd-bf0e-ff056995faf6,2024-06-14 00:56:00,IN,partner,verified,2024-06-27 01:56:00,false
b3526ca8-f08b-47dc-82eb-ac15dd0fe312,2024-06-24 17:28:00,US,referral,pending,\N,false
245e7275-eb03-4778-8215-32e5584b4c6f,2024-09-19 17:53:00,AU,affiliate,verified,2024-09-26 11:53:00,false
74fcee6c-5b6c-4700-a1fa-48e448801a02,2024-04-12 14:39:00,CA,partner,verified,2024-04-27 07:39:00,false
bbfd1fd9-fefb-44ab-bc40-5adff42aac23,2024-11-28 13:32:00,US,organic,verified,2024-12-12 05:32:00,false
b7fa3e75-6f1d-4f96-ba89-2896ed15165b,2024-09-03 02:36:00,AU,partner,rejected,\N,false
85c9e6c5-fefd-41ea-9cb3-9c2cca9a2053,2024-09-30 17:56:00,BR,referral,pending,\N,true
2992375f-ea73-4240-b97c-56f66f73bd28,2024-03-15 09:42:00,SG,organic,verified,2024-03-21 03:42:00,false
db9ee2e0-6943-4f40-bd8e-d924664319eb,2024-05-08 12:53:00,US,referral,verified,2024-05-14 21:53:00,false
518bfb92-c890-404a-83b8-f993234d065b,2024-08-19 11:39:00,AU,sales,pending,\N,false
9bb20696-599c-40d0-84d0-0a5e41eddd77,2024-10-14 20:15:00,US,partner,verified,2024-10-29 18:15:00,false
8bb5baee-12f5-4794-b0e5-b0f4879b93b6,2024-07-17 21:50:00,US,referral,rejected,\N,true
ff64c82c-f0c8-4e73-91ae-1cd12c92312b,2024-05-08 14:39:00,BR,paid_search,pending,\N,false
c2741d28-7e6d-47f1-8eb9-7a5e38f3aa7c,2024-11-21 06:45:00,DE,referral,verified,2024-12-03 21:45:00,false
414d26af-75e4-4d81-9675-18883a0ee974,2024-04-09 17:28:00,US,affiliate,verified,2024-04-24 08:28:00,false
ecc3ae8d-9920-4e91-ae6f-90b74b22cfb1,2024-03-02 20:02:00,US,organic,verified,2024-03-14 18:02:00,false
83db676d-0828-4d09-b4c0-0a59d6b6e378,2024-01-03 18:29:00,US,affiliate,verified,2024-01-07 03:29:00,false
c67422ce-5920-44b3-80f2-e2d37c3e61b6,2025-02-01 04:39:00,US,partner,pending,\N,false
5de5388b-5938-47c8-9a7c-44d7c3fe711d,2024-02-08 06:20:00,GB,partner,verified,2024-02-12 06:20:00,false
79bf3966-35db-40d2-b9c3-feb2d952a9d7,2024-10-06 01:25:00,IN,partner,verified,2024-10-10 20:25:00,false
ab7ba3bd-4014-41b1-8092-3a37287a627c,2024-05-30 14:48:00,NL,sales,verified,2024-06-09 19:48:00,false
9641a17e-a770-4ee9-81f8-3892edd0c633,2024-01-05 11:42:00,IN,referral,verified,2024-01-10 16:42:00,false
0f58a89e-aff6-4f98-adfb-f6e2008415d9,2024-01-22 05:56:00,CA,referral,verified,2024-01-24 17:56:00,false
ca2c7818-d16c-40a3-b28e-04556ed7cc3c,2024-09-21 19:32:00,GB,organic,pending,\N,false
14cbe076-1b9b-4c7e-9115-15cee8731d74,2024-04-08 18:32:00,US,affiliate,verified,2024-04-10 21:32:00,false
7a44edc3-b331-4573-a657-71d85aa1955d,2024-01-05 04:04:00,SG,sales,verified,2024-01-18 16:04:00,false
b9c61f67-8c7f-4ea7-ad85-5e1846f5481f,2024-02-23 14:34:00,IN,partner,pending,\N,false
f2b0985a-d409-470d-9826-bba459e8babd,2025-02-22 10:47:00,GB,paid_search,verified,2025-02-23 00:47:00,true
b77087d5-fab9-497e-93b7-19dfa95f7264,2024-01-28 13:50:00,DE,organic,verified,2024-01-30 03:50:00,false
0b3400f2-1d61-4d68-8557-c77cf957a8c6,2024-07-17 22:40:00,US,partner,verified,2024-07-24 17:40:00,false
49115398-10d8-432f-8f95-2b96d30dfffb,2024-11-25 07:39:00,US,sales,verified,2024-12-07 20:39:00,false
e97862ba-152b-4731-8174-a07fceb0a6b0,2024-09-14 11:18:00,US,organic,pending,\N,false
9bdc6a94-5cca-4204-9277-6b2ff2477c0d,2024-08-12 20:25:00,US,organic,pending,\N,false
38ff235e-ba2b-4c53-ae59-ea808d1f5f6d,2025-01-17 20:50:00,DE,affiliate,pending,\N,false
6617e558-e769-4ee0-b620-fea4a4676ec3,2024-12-13 07:41:00,DE,referral,verified,2024-12-13 14:41:00,false
5a45fbe8-d6b6-4ecd-b836-0514701ffb78,2024-01-04 02:38:00,IN,paid_search,verified,2024-01-15 20:38:00,false
5895907b-cce4-4f40-bb7b-bb784a190a2f,2025-01-06 19:13:00,BR,organic,verified,2025-01-20 15:13:00,false
2b56095a-3692-4ace-a0e1-232a37d59b63,2024-11-11 16:12:00,BR,sales,verified,2024-11-26 01:12:00,false
e702d518-5a41-40d6-85fc-fb4f6ff93025,2024-10-08 22:41:00,FR,organic,verified,2024-10-15 04:41:00,false
b5a61259-fea1-451a-aebc-f8d305082edd,2024-10-24 23:21:00,FR,organic,verified,2024-11-08 08:21:00,false
315ff759-e918-4cec-87d4-9ac35df32c08,2025-04-05 14:20:00,FR,paid_search,verified,2025-04-12 16:20:00,false
01701350-f5ad-49d6-8d1d-6940205d4126,2024-10-17 02:23:00,IN,organic,pending,\N,false
0af5b726-dc6a-4f7f-96b1-d1b339139df5,2025-02-06 15:45:00,US,paid_search,verified,2025-02-16 00:45:00,false
bd6e4ed2-ec03-4de4-a8a8-b25422a1993a,2024-06-18 23:29:00,GB,organic,verified,2024-06-25 13:29:00,false
1b2846a5-1c00-421b-90df-085dd16f2ba7,2024-02-11 16:54:00,IN,organic,pending,\N,false
bfca942c-bd9b-47bd-a9ec-da16f767956e,2024-11-16 10:46:00,BR,referral,verified,2024-11-16 21:46:00,false
3b640609-1c69-49f7-bf94-3294fb2a38c4,2024-10-23 20:49:00,DE,referral,verified,2024-10-24 16:49:00,false
3a98387f-e821-4c9c-8222-9ad821f43dd3,2024-08-30 04:49:00,US,partner,verified,2024-09-07 14:49:00,false
c9d7b9cf-39c9-475b-8593-bc9008ca86d0,2024-05-28 12:29:00,CA,referral,verified,2024-05-30 12:29:00,false
64d8d134-4b09-4475-9687-2b2f11abc2db,2025-03-11 03:43:00,US,organic,verified,2025-03-22 04:43:00,false
12af3da0-1816-4abf-ad4b-ab99c4545098,2024-10-17 05:55:00,AU,referral,rejected,\N,false
bf1b5789-ca2c-4f77-80e0-9af8756cf725,2024-04-22 23:14:00,US,partner,verified,2024-04-30 22:14:00,false
fb226e2d-2a79-483b-91a9-49466d49b58f,2025-02-09 19:24:00,IN,organic,verified,2025-02-19 13:24:00,false
33b8d78c-2eea-4f7e-819d-9d4d9932a096,2024-02-23 06:33:00,BR,organic,verified,2024-02-29 04:33:00,false
1a01346e-27d8-4c1c-9f5e-e674ca4e28ae,2024-03-30 20:41:00,FR,sales,verified,2024-04-12 10:41:00,false
5886a295-335a-4d0c-9432-9483ccc412c3,2024-07-11 15:33:00,GB,referral,verified,2024-07-19 01:33:00,false
3378c112-014b-458b-a786-7d74d6d7dffe,2024-09-13 12:28:00,GB,paid_search,verified,2024-09-15 05:28:00,false
905021ff-ab20-4d29-9d8a-384bc434dd48,2024-03-21 19:38:00,FR,paid_search,verified,2024-03-24 09:38:00,false
082f359f-be6b-44c8-9405-31010843ed66,2024-02-28 23:43:00,DE,referral,verified,2024-03-04 12:43:00,false
669f9d3d-750c-4545-a2a3-989f5b8735cf,2024-05-04 09:08:00,US,referral,verified,2024-05-07 21:08:00,false
7b749dff-762c-473b-87af-f37ef2ce4651,2024-03-16 09:10:00,GB,paid_search,verified,2024-03-20 07:10:00,false
db1b4fec-5e06-4d9a-957e-0107265d5275,2024-11-22 08:56:00,BR,affiliate,verified,2024-12-06 12:56:00,false
0f68ab65-bab2-443e-a72c-4edf9c8a5266,2024-11-06 23:55:00,BR,referral,verified,2024-11-11 17:55:00,false
f89df351-5f40-48bf-ab5a-62dc25f7525f,2025-02-24 13:39:00,US,partner,verified,2025-03-02 06:39:00,false
0ea0aba8-f1e7-4c7d-b557-5c2c5e574ded,2024-11-02 02:04:00,US,organic,verified,2024-11-10 09:04:00,false
bcdab201-6a25-4e08-a0aa-b8e2a17f197e,2024-09-16 05:26:00,DE,organic,pending,\N,false
94b4d6c2-acf7-4a86-980c-df27d23e2530,2024-11-03 09:56:00,GB,organic,pending,\N,false
3c290588-4e63-41f6-b02a-81421101f141,2024-03-08 03:34:00,IN,partner,pending,\N,false
cc104268-ef06-43e5-80bd-3a7feaf34708,2024-09-24 21:23:00,AU,paid_search,pending,\N,false
27a8e051-818e-470b-b0c6-33d27e78db66,2024-09-03 20:22:00,DE,paid_search,verified,2024-09-18 18:22:00,false
b073fb46-0a7c-43c3-9b06-b99dd3d873e1,2025-01-27 15:58:00,US,sales,pending,\N,false
58af8cd4-6367-4fb2-b9c5-c3379e835955,2024-04-06 08:45:00,DE,organic,verified,2024-04-06 13:45:00,true
1e92fbfb-b31a-4e1a-b970-680312fe7df5,2024-12-01 14:44:00,CA,organic,pending,\N,false
0d8e85e0-3fa3-4c5f-ad19-62782945161d,2024-10-26 16:16:00,GB,paid_search,pending,\N,false
a5db4696-ecf5-472b-8ddf-5a32187f7ce6,2024-12-14 20:48:00,SG,referral,verified,2024-12-26 16:48:00,false
4c3a6ea8-5180-4f8c-aa85-41cc33531a06,2024-10-11 23:16:00,DE,partner,rejected,\N,false
94a145f8-ccd5-4f68-a2de-cf3ea7fd663d,2024-03-12 05:07:00,SG,affiliate,verified,2024-03-21 19:07:00,true
c7e9f78e-358b-4716-909d-cc8b96957833,2024-09-17 20:50:00,FR,partner,verified,2024-09-29 15:50:00,true
3cf990ce-b12c-4e4f-bcb4-68b5376534cf,2024-07-19 04:00:00,BR,referral,pending,\N,false
97502968-2a52-47d1-aaeb-93125323a3ac,2024-02-15 10:16:00,DE,partner,verified,2024-02-17 04:16:00,false
9ccf8255-3e77-4a35-abd1-7bb0bdd58408,2024-07-25 03:41:00,US,partner,verified,2024-08-06 22:41:00,false
16a8a433-9f9b-4740-a1e8-a8b7a08ccd1d,2024-09-10 22:00:00,IN,referral,verified,2024-09-25 00:00:00,false
12d70af7-cfe9-455c-8403-62195b7601ad,2025-02-06 03:32:00,FR,partner,verified,2025-02-11 03:32:00,false
27298491-e94e-41a2-b2e4-f8e46af7ff2d,2024-12-01 08:10:00,SG,paid_search,verified,2024-12-07 07:10:00,false
bb19b2f9-d70e-4bf4-8a36-3db5c03b0e7e,2024-10-27 14:33:00,IN,referral,verified,2024-10-29 03:33:00,false
f6f64f8f-f7f5-44ca-b82f-faf21064451d,2024-10-14 02:22:00,US,affiliate,verified,2024-10-20 01:22:00,false
a90feb5e-d3ec-4cca-b10d-7b77414be985,2024-07-26 02:00:00,GB,referral,verified,2024-08-03 20:00:00,false
f5defe5f-107b-47ee-85b3-8a1040cdf377,2024-06-23 11:51:00,IN,sales,verified,2024-06-29 00:51:00,false
878b51ea-7442-4a3a-b772-43340ac786b2,2024-12-21 22:24:00,SG,affiliate,verified,2024-12-27 04:24:00,false
d037d244-8b46-43be-8a0b-7903bbe825bb,2024-08-24 02:55:00,US,paid_search,verified,2024-08-26 15:55:00,false
b919a80f-f6f4-4b37-8291-99e23f986ae2,2024-04-23 05:44:00,CA,paid_search,verified,2024-04-30 00:44:00,false
f5347416-e85b-4328-bc9d-63993e5673e0,2024-12-24 16:15:00,FR,sales,verified,2025-01-02 06:15:00,true
ee9b5478-9a1d-4093-bea3-b9bc84437e29,2024-04-01 23:20:00,US,affiliate,verified,2024-04-14 06:20:00,false
cc4c512e-65b9-4300-a98c-f2ae7ca928ad,2024-04-07 23:47:00,IN,organic,verified,2024-04-13 04:47:00,false
4b7eb9a0-563a-4651-a4f1-9528db4f668d,2024-05-08 03:22:00,US,organic,verified,2024-05-10 11:22:00,false
a900ba03-8b36-492e-88b4-3a771a38e9aa,2024-09-10 03:00:00,IN,sales,verified,2024-09-21 18:00:00,false
49706957-289b-4bea-8e05-ae9942a639ab,2024-06-10 23:57:00,IN,sales,rejected,\N,false
b417e4b0-8a22-4cf8-afd2-d345e05f56ab,2025-01-27 00:17:00,US,referral,verified,2025-02-08 09:17:00,false
ab31219b-4f64-47e6-b8b3-83fc71d9b698,2024-10-03 09:32:00,SG,paid_search,verified,2024-10-18 02:32:00,false
f98022fa-8d43-402e-a0bd-d7b4c78d84d9,2024-09-22 22:20:00,FR,paid_search,verified,2024-09-23 06:20:00,true
60a94bc8-b21d-4b7d-ba1d-cd70ddfb086d,2024-07-05 03:55:00,US,organic,verified,2024-07-16 21:55:00,false
ff62e1d8-0343-4187-b298-5a238efda65a,2024-06-24 19:11:00,CA,partner,verified,2024-06-29 08:11:00,false
e7961f6e-0bbf-48b2-a7b6-2db89f9a00e0,2024-07-24 16:28:00,NL,partner,verified,2024-07-27 13:28:00,false
c4b5cf22-2916-4eb0-8c5f-97a4f2052fd1,2025-01-04 16:51:00,BR,organic,verified,2025-01-13 23:51:00,false
862993e3-9819-40d2-b0a8-7596199c5d91,2025-01-13 12:30:00,US,referral,pending,\N,false
532aac98-f916-4f05-af7f-ba56dedd7490,2025-03-11 04:33:00,SG,paid_search,verified,2025-03-17 23:33:00,false
4347d767-717a-41fe-b21a-006a6072d7b3,2024-10-17 09:25:00,US,sales,verified,2024-10-20 22:25:00,false
78760d38-0716-43eb-a05d-005b4602dc7b,2024-11-18 11:28:00,CA,referral,verified,2024-11-24 02:28:00,false
8c15e6b3-db9f-4469-a63e-78638b25489f,2024-05-11 19:01:00,BR,affiliate,verified,2024-05-19 08:01:00,false
713b2838-38ce-4e0e-b179-e8eac3218d35,2024-10-22 04:41:00,CA,partner,verified,2024-10-28 07:41:00,false
cef8ad25-66c3-435b-bb35-7e859bd5b939,2025-01-12 22:56:00,US,referral,verified,2025-01-26 02:56:00,false
2a9520f8-5ea4-45e3-8181-834105603b8c,2024-03-27 04:51:00,GB,referral,pending,\N,false
61a5df9a-80bb-4fce-ad62-afb48ab2ecfd,2024-02-06 10:10:00,US,paid_search,verified,2024-02-13 04:10:00,false
460705b5-4b1f-4609-bae4-a1127e2bba0b,2024-11-26 20:17:00,SG,affiliate,pending,\N,false
ff7fa10b-601c-4a90-8cb2-c6bb56ff832c,2024-09-23 22:26:00,US,organic,verified,2024-09-24 11:26:00,false
97fa38ae-4fac-4e9b-85a3-783dfe584387,2025-01-16 06:47:00,CA,organic,verified,2025-01-19 21:47:00,false
230a9fa5-d20f-49f6-9ede-1a73d357b991,2024-08-31 01:03:00,GB,affiliate,verified,2024-09-08 14:03:00,true
78300d00-cf4f-4242-a447-e402a4ef6e43,2024-11-12 12:05:00,US,organic,verified,2024-11-20 21:05:00,false
962e4aa1-e8a9-4c75-9ac0-e3bae40f9cb1,2024-11-16 12:08:00,US,partner,verified,2024-11-20 05:08:00,false
c51ebbca-3c49-48d6-971d-8efe49deeea3,2024-06-15 23:29:00,DE,organic,rejected,\N,false
f275f3dd-6aa1-428a-85b6-33e49fe27ccf,2024-12-24 01:11:00,FR,referral,verified,2025-01-02 20:11:00,false
c56f83bc-139f-4d25-867d-741ff0f57883,2024-09-26 04:40:00,GB,organic,verified,2024-10-03 15:40:00,true
5890a161-9903-4794-908b-881b626a1e50,2024-06-06 19:26:00,US,referral,verified,2024-06-13 08:26:00,false
8a691acb-373a-40ef-9407-11c5b66c7570,2024-03-10 19:18:00,AU,referral,verified,2024-03-11 01:18:00,false
b791d92d-ffe5-41f8-9426-d710f894fd39,2024-06-02 08:49:00,DE,partner,verified,2024-06-08 15:49:00,false
1a2e0ea3-1de8-4fb4-bdc2-2d60d3d7668b,2024-04-06 21:56:00,US,partner,verified,2024-04-15 09:56:00,false
df129e44-cd3d-42cd-bf6a-63cda85c50c3,2025-02-28 20:14:00,FR,referral,verified,2025-03-09 22:14:00,false
0d77244d-cb46-438e-a7d5-07bf5d663b31,2024-11-10 06:43:00,SG,sales,verified,2024-11-24 04:43:00,false
6b6e44d1-6f68-42c1-a51a-b576c7f403eb,2025-03-12 10:11:00,FR,referral,verified,2025-03-14 20:11:00,false
b5632cde-dab3-4d79-8f2b-168b1c4f3791,2024-11-14 23:12:00,US,referral,verified,2024-11-18 06:12:00,false
dbbbf157-d372-4ea8-b356-9f91e423d709,2024-02-22 17:17:00,AU,organic,verified,2024-03-03 03:17:00,false
630c0c41-dfc8-4ccf-b6ca-ff7946180e97,2024-09-09 14:21:00,NL,referral,verified,2024-09-20 07:21:00,false
8c1691d5-de48-4c1b-9937-84461c474e5f,2024-06-18 10:53:00,US,partner,verified,2024-06-21 14:53:00,true
7712e278-bf37-416b-91e6-7e273a86ed41,2024-08-28 13:12:00,US,paid_search,pending,\N,true
03c3c64b-3506-4cc0-95ce-3aec0e14a932,2025-01-29 06:15:00,US,affiliate,verified,2025-02-07 18:15:00,false
d708d199-b88b-4d5d-8bc4-8e9b29b5dd69,2025-01-11 11:33:00,GB,partner,verified,2025-01-15 23:33:00,false
803f1234-4b35-4ef6-bc0f-392c2637e17a,2024-06-14 13:40:00,GB,organic,verified,2024-06-26 08:40:00,false
438f80ec-a2c1-48f7-9d09-655bc710937e,2024-04-11 19:56:00,US,organic,verified,2024-04-26 02:56:00,false
2e2293a8-ac1a-4ac7-b7ef-e4c4950ac598,2024-06-15 08:10:00,DE,paid_search,pending,\N,false
deebe4af-26aa-465f-9d3e-3c6431ab82e7,2024-01-23 02:50:00,DE,paid_search,verified,2024-02-06 20:50:00,true
f1b9af6f-6c84-4f66-9adf-ede859309c8e,2024-03-21 23:05:00,IN,affiliate,verified,2024-03-29 06:05:00,false
142d3962-2b13-4746-bf1f-9db5d25b9c85,2024-01-31 19:41:00,BR,organic,verified,2024-02-12 07:41:00,false
bf1269cd-29b4-4050-936a-5ac5e13d0fbd,2024-10-13 04:48:00,AU,organic,verified,2024-10-22 14:48:00,false
bc5ef8a5-e652-42d5-8a5f-8cfb00d5523b,2025-01-05 12:16:00,GB,paid_search,pending,\N,false
182492f3-a69d-44bb-bdee-8539dbb13876,2024-12-22 23:12:00,CA,partner,verified,2025-01-03 15:12:00,false
822f2303-1449-4733-a00b-9b912d10a010,2025-03-02 03:58:00,US,referral,pending,\N,false
0616503a-075b-4f60-9704-31126aac4fe7,2025-02-23 16:34:00,SG,referral,verified,2025-02-23 18:34:00,false
58964a63-81e7-41c3-a381-d216f8439655,2025-03-28 08:39:00,SG,organic,pending,\N,false
c1ba61ba-d647-4435-adfa-0a028cf4ddd7,2024-12-04 01:52:00,AU,partner,verified,2024-12-15 07:52:00,false
72b70cbb-93fc-4916-b780-30f5125def15,2024-05-24 18:26:00,US,referral,verified,2024-05-27 04:26:00,true
28447c0c-5b08-497d-a644-3d532813788f,2024-03-07 13:55:00,GB,organic,verified,2024-03-09 21:55:00,false
4cad5e50-7c5f-4f07-8e7a-e7298802da60,2025-03-04 20:42:00,AU,organic,verified,2025-03-18 05:42:00,false
a7fe91df-fb97-42fa-9121-55f45dc1b185,2024-11-07 06:04:00,FR,affiliate,verified,2024-11-11 18:04:00,false
65eb93da-20a7-4c6f-b97c-68e5e442b99b,2024-08-28 04:03:00,BR,partner,verified,2024-09-06 02:03:00,true
9939a6c1-905d-4321-9f2f-cab09afd4dd2,2024-11-11 16:33:00,BR,organic,verified,2024-11-13 06:33:00,false
6b3d1448-d9e7-4dae-8afa-ba08734cdc4a,2024-09-22 11:06:00,CA,organic,verified,2024-10-03 21:06:00,false
36587048-b2bc-4bb2-bd7a-c2230e0f3787,2024-10-19 04:11:00,CA,organic,verified,2024-10-31 03:11:00,false
f9e6a6e4-d165-4da5-8376-d14ea8cdc262,2024-07-03 05:29:00,IN,organic,verified,2024-07-12 09:29:00,false
11357fd3-cdff-42f9-8206-ea281ebf8e67,2024-07-25 00:21:00,NL,paid_search,verified,2024-08-05 11:21:00,false
cecd8cbd-f91b-42a7-8fd4-fc9dbbcfd2e4,2024-06-11 01:20:00,CA,referral,pending,\N,false
d2e28c98-8c73-4cbe-b981-9d2a59f65643,2024-06-15 03:15:00,CA,referral,verified,2024-06-19 18:15:00,false
9c3a6f8d-be7e-41f0-bb1c-450eec7195f2,2024-07-03 22:28:00,US,organic,rejected,\N,false
2b5dc05c-e14b-4259-9769-c315eaf1cd8c,2024-01-10 00:08:00,US,paid_search,rejected,\N,false
c7b9a325-2056-449a-b232-92297a33b70c,2025-03-14 18:01:00,BR,affiliate,verified,2025-03-29 13:01:00,false
0df37d2c-2153-46f2-8211-8256758b0955,2024-10-20 02:09:00,CA,organic,verified,2024-10-29 23:09:00,false
aa2e8ce8-196f-452b-a18f-abe37ef4379e,2024-10-25 15:14:00,US,paid_search,verified,2024-11-01 02:14:00,false
187c5846-9a9a-46be-9074-a23ab7949734,2025-01-10 10:46:00,US,sales,verified,2025-01-20 19:46:00,false
2d821e68-719c-4f7b-ba91-7336fdb81409,2024-10-22 11:38:00,AU,referral,verified,2024-10-23 08:38:00,true
b0575303-303e-46cd-8d4f-06fb9ed54173,2024-01-29 18:22:00,GB,affiliate,pending,\N,false
8d9f6dd5-8dc2-4580-99b4-1001b8b93c46,2025-01-29 15:47:00,IN,referral,verified,2025-02-11 13:47:00,false
15c290d1-7c7f-4258-a066-ecca3fd2e01c,2024-01-28 17:33:00,DE,paid_search,verified,2024-02-09 07:33:00,false
f0601ee7-96b2-481e-82f5-a62152b02009,2024-03-19 09:43:00,NL,partner,verified,2024-03-27 20:43:00,false
6f5f893c-6c60-4d0a-82a6-c51f049fadcc,2024-02-16 15:27:00,US,paid_search,verified,2024-02-25 02:27:00,false
b92d4a95-3f8f-4734-ad58-e5b32188ca2b,2025-01-16 09:35:00,CA,paid_search,verified,2025-01-18 06:35:00,false
f753404c-71b6-4b94-bb5e-832e9ad52699,2025-01-25 12:30:00,CA,referral,verified,2025-02-04 23:30:00,false
a244b554-085f-45b9-bebb-819177d0947c,2025-01-12 00:15:00,SG,paid_search,verified,2025-01-17 18:15:00,false
45b62f4d-5e1a-484b-985f-a9d28042c0d6,2024-02-15 11:42:00,CA,paid_search,verified,2024-02-23 08:42:00,false
121b4d69-da0a-42fe-b0af-ee01f29dc3ff,2024-01-13 17:10:00,FR,affiliate,rejected,\N,false
d93624fe-c5d0-4d56-abbb-c2314bab609f,2024-03-15 22:02:00,US,partner,pending,\N,false
d1d17634-85d0-4a8a-9a15-28f7a1fc950f,2025-01-07 10:07:00,IN,affiliate,verified,2025-01-12 16:07:00,false
bae0a656-18d1-491d-a031-a89729cb5323,2025-02-23 17:00:00,US,referral,verified,2025-02-26 03:00:00,false
430e6234-7789-4564-8b20-31ae128bf285,2025-01-14 01:13:00,SG,referral,verified,2025-01-25 06:13:00,false
36bcd4a8-bd2d-45b8-9f6a-f6561f4eac5b,2024-03-14 06:44:00,DE,partner,verified,2024-03-22 08:44:00,true
42553a15-6cf0-4551-a3e8-62b6a0c61605,2024-03-28 09:18:00,FR,organic,verified,2024-04-12 07:18:00,false
47a013ae-3143-4f1c-a5d9-d0668663b55f,2024-01-05 10:24:00,BR,partner,verified,2024-01-19 15:24:00,false
fb05b36d-27c9-432c-b99d-657bfa2d3d64,2024-01-10 17:55:00,CA,affiliate,pending,\N,false
cdf27596-e7ca-4777-8b5b-e2bbdd2d4962,2024-12-29 11:57:00,DE,organic,verified,2025-01-11 06:57:00,false
1cb69bc9-f4f9-45f8-8780-3f9abd4d6392,2024-08-23 01:59:00,US,referral,verified,2024-08-23 23:59:00,false
21d6b4a9-3f21-414c-89ff-b119b43cf5d1,2024-07-21 07:10:00,CA,referral,verified,2024-08-04 23:10:00,false
42fa3bfa-c4f6-49eb-ab80-835aeeff23e3,2024-09-13 16:51:00,IN,affiliate,verified,2024-09-19 05:51:00,false
a42cdb29-d329-4b70-924c-7197abeb8f50,2024-01-17 01:17:00,IN,referral,verified,2024-01-24 09:17:00,true
6206c8d6-196a-466b-80d1-d436707e1873,2024-07-15 00:43:00,AU,paid_search,verified,2024-07-28 10:43:00,false
bcdfa823-5c33-4c9d-87d2-85dfb2d97277,2024-08-06 17:58:00,DE,organic,verified,2024-08-16 08:58:00,false
e3760948-ba3b-4d04-bcb2-f2a6b45efafa,2024-10-05 05:51:00,US,partner,verified,2024-10-08 05:51:00,false
4d4d00c8-c03c-48bd-86a4-e741d4e49c42,2024-03-10 21:58:00,US,affiliate,rejected,\N,false
1c64f343-8835-4b70-9638-ff0d3e4aecff,2024-06-11 10:35:00,US,sales,verified,2024-06-14 00:35:00,false
cf41adaf-d800-41e2-9cc6-49e4349b8ae7,2024-01-16 18:56:00,NL,paid_search,rejected,\N,false
73ecfa69-0997-4bf8-aa5a-c189cd678ca3,2025-02-25 04:59:00,SG,organic,verified,2025-02-28 11:59:00,false
8a39e064-bb24-44d8-af50-b6c0cac3a4b9,2025-01-26 03:39:00,FR,referral,verified,2025-02-07 07:39:00,false
545f71fb-c00f-414b-9baf-544365517a43,2024-01-14 19:05:00,US,sales,verified,2024-01-25 01:05:00,false
e61b72b1-bc6f-499c-8446-8e624af4f321,2024-11-28 19:11:00,GB,organic,pending,\N,false
c61e3a38-584d-417c-bdd9-5396ca262ec3,2024-01-17 21:48:00,IN,affiliate,rejected,\N,false
4fa69d39-1ab5-4def-a728-a9b04ff8205d,2024-12-09 14:48:00,IN,affiliate,verified,2024-12-13 10:48:00,false
d4cddc06-7211-4500-86d7-88fa7db1fc3b,2024-09-08 06:20:00,IN,paid_search,pending,\N,false
2b2679bf-f428-4bc2-83b3-ce66b4076d48,2024-11-08 07:52:00,CA,affiliate,verified,2024-11-15 01:52:00,false
f712bc23-a1f3-4410-a042-bc3b6bab408a,2024-10-02 00:41:00,SG,referral,pending,\N,false
0fd1465c-33a6-49ab-b740-2d4254fa98ca,2025-02-27 09:56:00,GB,paid_search,rejected,\N,false
6971effa-baee-4004-a964-1e4be377aa23,2024-10-12 20:33:00,US,paid_search,verified,2024-10-13 23:33:00,false
053f7d07-7dd6-444b-8d6f-6aff1f6071b0,2025-01-31 17:29:00,FR,organic,verified,2025-02-07 01:29:00,false
e1325853-cd9f-47b3-95ea-b32b03948d8e,2024-03-13 22:53:00,AU,organic,verified,2024-03-15 22:53:00,false
343e34e4-0394-4da1-b910-757deed67d0e,2025-04-03 06:34:00,US,organic,verified,2025-04-12 03:34:00,false
93412f07-fffe-4bb4-a1cf-6d678bfb89a2,2025-04-05 06:57:00,US,paid_search,verified,2025-04-15 00:57:00,false
191e3e88-aee5-4538-bd27-91e65a650c07,2024-12-30 13:45:00,US,paid_search,verified,2025-01-01 13:45:00,false
957cff9a-869d-4cda-bc0d-7450853a3a54,2024-09-26 06:24:00,FR,organic,verified,2024-10-07 05:24:00,false
a3c70fef-6d57-4ca5-bbd3-ac2e8edd8923,2024-01-23 13:58:00,BR,organic,verified,2024-02-06 16:58:00,false
47fb854f-40e9-419e-b3eb-d9ff8da2bf3e,2025-01-29 06:03:00,AU,affiliate,verified,2025-02-04 22:03:00,false
b446bb48-9078-45d1-881e-ac4c947fc09a,2024-04-02 11:57:00,US,partner,verified,2024-04-06 20:57:00,true
28dd5fd7-4e7e-431c-9df7-8ab64947fc24,2024-09-11 23:34:00,DE,referral,pending,\N,false
24b83df9-f3c4-42ae-b763-7d3a5315ed86,2024-12-03 23:29:00,DE,organic,verified,2024-12-05 17:29:00,false
e791a726-c928-4349-82ea-a7d2aa527d16,2024-05-23 03:40:00,US,organic,verified,2024-05-27 15:40:00,false
87b471ac-ce81-4e98-90ed-133054b61bdf,2024-01-19 12:54:00,BR,paid_search,verified,2024-01-31 21:54:00,false
c4c1c4be-a28c-449e-b1d3-ebeffc3d398d,2024-01-26 11:26:00,US,paid_search,rejected,\N,false
3d87d63e-8a2c-4d9d-9dbe-570685664104,2024-12-25 03:36:00,US,paid_search,pending,\N,false
e88f1929-e585-4a34-b9e0-abb04e6fac92,2024-01-19 10:49:00,IN,sales,verified,2024-01-27 08:49:00,false
586f7caa-1d38-4ec8-b5cf-5a0c01c701e1,2025-03-08 01:04:00,US,sales,verified,2025-03-10 23:04:00,false
b0478928-7d40-4adf-a3b2-e750f0f21a85,2024-07-31 00:13:00,US,referral,verified,2024-08-13 03:13:00,false
0ed37518-5928-4d48-bad4-01344d7a55a5,2024-09-27 10:30:00,IN,affiliate,verified,2024-10-10 09:30:00,false
8adee09e-d645-4d1f-8c52-c8c4235879a2,2024-11-07 18:16:00,CA,organic,verified,2024-11-21 03:16:00,false
85fb2ac7-b7ec-4180-9cf4-99a7c1b25ea6,2024-09-24 07:40:00,IN,organic,verified,2024-09-28 05:40:00,false
39d148cd-4a2b-4d2b-b173-de5561d372df,2024-04-09 08:07:00,BR,partner,verified,2024-04-22 18:07:00,false
f1e80b91-d817-4b31-8d18-a122c51ef4a9,2024-11-11 21:26:00,DE,referral,verified,2024-11-19 10:26:00,true
925e09a8-ef67-4338-90b7-df79c11e328e,2024-04-14 06:18:00,US,referral,verified,2024-04-15 18:18:00,false
4e8e5cbe-a1d9-4859-ad73-d28df55d26ee,2024-01-04 11:43:00,AU,referral,verified,2024-01-12 23:43:00,true
fb7c8849-3ef7-4f12-872d-1e1686db355e,2024-03-30 14:21:00,IN,referral,pending,\N,false
eaa2c365-57b5-4c74-9ab5-1c3d6c9c3a16,2024-01-20 04:08:00,GB,sales,verified,2024-02-02 15:08:00,false
9e6424bb-3554-492b-88e3-229332d2ec4a,2024-08-24 21:59:00,US,partner,verified,2024-09-05 01:59:00,false
8b327e2a-e0b6-4323-8f4e-0ba4527b390b,2024-10-01 08:13:00,BR,affiliate,verified,2024-10-08 11:13:00,false
3632f136-664f-4bf3-b77a-29b0635f7fba,2024-03-17 16:53:00,FR,sales,verified,2024-03-25 18:53:00,false
9f409e9e-a1e2-4d9d-b974-a2d349468049,2024-07-18 13:38:00,AU,paid_search,verified,2024-07-25 04:38:00,true
18ef9d9e-fafc-441a-9676-21b4fd3b1de1,2024-07-30 10:31:00,CA,sales,pending,\N,false
62c6da84-667e-4da5-9e4d-ac08ce36f855,2024-09-25 17:11:00,SG,affiliate,verified,2024-09-26 14:11:00,false
5dc120f5-3303-4e78-91e1-4734b18d4aa9,2024-01-13 23:57:00,CA,referral,verified,2024-01-18 02:57:00,false
c07c7c49-20a8-4d4f-ac10-d1ab786230ef,2024-06-07 18:09:00,BR,affiliate,verified,2024-06-09 22:09:00,false
bd323b78-c147-491a-9368-5841c434ea1b,2024-03-08 14:46:00,AU,referral,verified,2024-03-16 22:46:00,true
234d5b70-ee55-407a-ac8a-c8d15307e6a9,2024-01-24 05:54:00,US,affiliate,verified,2024-01-26 03:54:00,true
86375528-6105-433c-a731-1492027a5ed9,2025-01-28 05:47:00,SG,referral,verified,2025-02-09 14:47:00,false
38865242-012c-48f5-9226-369fc282e5bb,2024-04-12 14:18:00,SG,partner,verified,2024-04-19 11:18:00,false
004d55be-c6a3-47a2-bed4-311d845e7184,2024-03-21 16:07:00,DE,organic,verified,2024-04-04 00:07:00,false
816915aa-d79b-42fe-a19c-e80cf7c1ddfb,2024-10-08 18:17:00,DE,organic,verified,2024-10-14 21:17:00,false
fd077dc8-7499-4bd7-8688-429a3743f67a,2025-04-01 18:34:00,US,affiliate,verified,2025-04-04 14:34:00,true
94d67cb7-422a-45ce-8a96-b566039c745d,2024-07-15 09:05:00,AU,affiliate,verified,2024-07-19 06:05:00,false
270f887b-7673-4df8-915b-8cca2534f5bf,2024-12-20 06:28:00,US,organic,verified,2024-12-26 23:28:00,false
6a5ee528-b650-4e75-8df4-04990c5f9437,2025-02-19 01:05:00,SG,referral,rejected,\N,false
f63f7e91-a2e3-4274-a8c8-5e92a322af52,2025-02-21 06:29:00,AU,partner,verified,2025-02-27 22:29:00,false
742f40b6-e21c-487b-bbf1-90c5ef8e44c6,2024-04-28 15:09:00,FR,affiliate,pending,\N,false
91188874-058e-428a-9586-ee443f27b7cc,2024-12-25 05:21:00,IN,paid_search,pending,\N,true
a3135cab-a8be-467b-bab1-1bfef8ed2541,2024-08-31 11:22:00,US,paid_search,verified,2024-09-04 04:22:00,false
b395cb54-5ecb-4e8c-a98f-7de4b08a991e,2024-09-17 11:25:00,BR,paid_search,pending,\N,false
84cc4ef3-2846-48a0-9415-30425835ddf2,2025-02-09 17:34:00,CA,referral,verified,2025-02-22 09:34:00,false
dbe07831-1f3d-40d2-aeab-8ea3d43381d7,2024-09-03 20:04:00,DE,partner,verified,2024-09-18 17:04:00,false
0b06b51e-5a79-4362-8316-2c65344d827a,2025-02-07 18:34:00,FR,organic,verified,2025-02-11 12:34:00,false
838188c6-8bc4-4ea8-83ad-ceecf05e9b72,2024-10-20 23:07:00,US,organic,verified,2024-10-30 22:07:00,false
a122250e-c7e6-4781-9d46-b6a6fc969789,2024-06-06 20:04:00,BR,partner,verified,2024-06-21 12:04:00,false
1f888cb6-5ecb-4fa2-a071-e87c0fc3d3a9,2024-09-11 04:42:00,BR,affiliate,verified,2024-09-15 21:42:00,false
34fb13eb-a0bd-42f6-a6bf-ed4eea645c04,2024-11-21 08:48:00,GB,paid_search,verified,2024-11-24 14:48:00,false
22a24871-496f-4c0a-b337-fb3f8323441a,2024-08-16 14:13:00,US,partner,verified,2024-08-23 10:13:00,false
cd5bd96a-badb-47d1-9610-e15766828d8c,2024-08-11 06:58:00,DE,referral,verified,2024-08-13 05:58:00,false
47ace635-44df-4293-9367-b3dcb2065a48,2025-03-09 12:54:00,IN,affiliate,verified,2025-03-17 11:54:00,true
2f5db665-7d30-4b68-811f-94229e25565c,2024-10-13 19:07:00,BR,organic,pending,\N,false
d08ff997-9d15-43a5-89cb-c8a2668821a4,2024-07-21 04:20:00,CA,referral,verified,2024-07-29 21:20:00,false
f3c81f6f-c5a1-43e6-b3bf-b95b12c5c892,2024-08-31 12:12:00,BR,organic,verified,2024-09-08 06:12:00,false
6182a55b-266c-48f7-a7d1-112ba272c63f,2024-12-09 12:08:00,US,partner,verified,2024-12-23 09:08:00,false
415f05b3-1329-445b-b863-cbd16267d8ac,2024-08-11 12:05:00,BR,affiliate,verified,2024-08-20 10:05:00,false
6d5d05c4-5db9-4401-a573-628b17d8eddd,2024-08-06 03:11:00,DE,paid_search,verified,2024-08-15 06:11:00,false
68857c7e-6849-425b-9c62-698182334655,2024-04-05 21:38:00,BR,organic,verified,2024-04-16 14:38:00,false
5005812c-78c8-4f5b-a9e8-1479b1f133a2,2024-07-30 01:36:00,DE,partner,verified,2024-07-30 22:36:00,true
4322aa57-5ad1-4d03-9a68-24db7f7ff663,2024-09-04 06:05:00,NL,affiliate,verified,2024-09-15 13:05:00,false
23634838-d3cc-4bd0-94a0-8d1334e285ac,2024-08-27 00:05:00,US,referral,verified,2024-09-09 02:05:00,false
867add70-a394-4365-99dc-b13bc18e2701,2024-12-08 10:43:00,US,organic,verified,2024-12-20 20:43:00,false
b319e9b7-9ff5-4dd8-bf61-2cc81ad05edf,2025-02-02 08:30:00,DE,paid_search,verified,2025-02-12 10:30:00,false
af777076-7697-4857-b714-43e8c56983a0,2025-02-12 17:18:00,IN,partner,verified,2025-02-27 14:18:00,false
042b1fa3-607e-483e-8d3d-c328cbb2146d,2024-10-15 16:03:00,US,organic,verified,2024-10-28 02:03:00,false
5cbcbafb-b2b0-44ba-989f-70dd8cfb6ff5,2025-02-19 07:39:00,US,referral,verified,2025-03-01 17:39:00,false
21a95028-a7db-45f0-9431-228333b6365a,2024-05-22 16:08:00,BR,organic,verified,2024-05-28 14:08:00,true
653d8c5d-86f7-4944-bfca-e09bd9a73993,2024-03-31 02:47:00,CA,organic,verified,2024-04-09 16:47:00,false
4174b079-5b3e-4a8b-9d74-1ed70b0dbd17,2024-04-30 23:11:00,BR,paid_search,pending,\N,true
28f60488-d638-4874-b967-f094e65568f8,2024-03-16 03:59:00,BR,partner,pending,\N,false
2b29c9ee-7a67-41c3-b69f-2f83eb1968a7,2024-07-15 15:42:00,US,referral,verified,2024-07-29 07:42:00,false
8396816d-1713-4cd6-863b-57f10d82c33f,2024-01-29 04:16:00,US,referral,verified,2024-01-31 17:16:00,false
6a201497-6a48-4be6-ad54-04e881a43e5e,2024-09-01 07:48:00,US,partner,pending,\N,false
56c1c515-12c9-4649-86e9-9002d5861cfc,2024-05-14 12:33:00,US,affiliate,pending,\N,false
d985ab2a-83cd-4a26-b6c5-17d02c32d5d6,2024-12-13 18:33:00,US,referral,verified,2024-12-14 17:33:00,false
c2227e76-8227-483c-85b7-83d49370fcf6,2025-03-08 21:39:00,BR,paid_search,pending,\N,false
4aff2c8b-39c9-4749-ac4d-0f3d61d7f037,2024-02-20 16:41:00,SG,partner,verified,2024-03-01 14:41:00,false
372cdaea-13e2-4f4f-8cb0-6b374175a4e7,2024-10-28 14:33:00,NL,paid_search,verified,2024-11-12 09:33:00,true
59abed74-dcd3-47cf-a7ec-2d1fe8ba93e7,2024-01-05 10:00:00,US,paid_search,verified,2024-01-16 16:00:00,false
52296192-c9c4-43e1-bc99-edfbac5e6cdb,2024-05-25 16:12:00,US,affiliate,verified,2024-06-07 23:12:00,false
a3c24442-3ab4-434f-a838-ded25360827d,2025-03-03 14:38:00,US,referral,verified,2025-03-06 05:38:00,false
342b8f87-7ebf-4a2c-936d-5d9bf2e27086,2025-01-27 04:36:00,US,organic,pending,\N,false
5af3dee6-1c7f-4afd-8e0f-3edf03de4ebe,2024-05-30 22:42:00,FR,affiliate,rejected,\N,false
bac58e13-c87e-446d-addc-a69b4b7a4572,2024-08-07 06:57:00,US,partner,verified,2024-08-14 05:57:00,false
c8992150-0fc1-49cf-b7d5-b7241ae9bcd8,2024-02-01 20:24:00,US,sales,verified,2024-02-03 04:24:00,false
d70c80bb-212d-4fdb-82d6-07c0cd97fb52,2024-02-05 23:59:00,US,referral,verified,2024-02-14 10:59:00,false
40ef5964-bbcf-4019-afeb-24a0cfe3830a,2025-01-28 21:13:00,IN,partner,verified,2025-01-31 05:13:00,true
e03160f3-72b8-4376-92ef-7c2350911f83,2024-02-07 10:36:00,US,referral,verified,2024-02-17 00:36:00,false
63c9bb32-9823-4a19-aa5c-e2fb8b175137,2024-01-01 09:42:00,AU,affiliate,verified,2024-01-04 16:42:00,false
94ad445e-a22c-4e16-83b9-3aa1ff45d115,2024-09-21 06:49:00,CA,partner,verified,2024-09-30 15:49:00,false
7979621e-0ba1-4e05-80f3-fea0052fd108,2024-02-06 01:14:00,BR,referral,verified,2024-02-20 19:14:00,false
61a9c9dd-af4e-40d6-9b48-18afda332bff,2024-07-02 18:43:00,FR,affiliate,verified,2024-07-04 00:43:00,true
1eafd0b4-c40f-460d-865a-5a55517f6996,2024-09-30 18:05:00,SG,paid_search,pending,\N,false
f0f2cecc-a591-48c1-a5c2-4ee61e1f477c,2024-10-10 09:24:00,AU,affiliate,verified,2024-10-16 20:24:00,false
d09a7b6e-3fc4-4498-a1d0-a01918dff3b3,2024-07-02 23:05:00,GB,organic,pending,\N,true
a7ec1c18-73e7-4191-b8ba-f8a13d9f0d06,2024-01-14 07:37:00,US,referral,verified,2024-01-22 16:37:00,false
33d66dad-c70a-448c-b37f-46ddd8e2be75,2024-09-30 22:01:00,US,partner,verified,2024-10-02 04:01:00,false
88f405cc-7f74-4e95-8a0b-320d375e74d3,2024-04-19 04:42:00,IN,referral,verified,2024-05-03 17:42:00,false
a4b10acc-3f40-4a7e-ae1b-042105e54399,2024-04-29 10:02:00,FR,referral,verified,2024-05-09 22:02:00,false
8e664198-dfa3-474a-ae59-3c966893c008,2024-01-24 15:44:00,US,organic,verified,2024-01-25 00:44:00,false
b4860d93-6c72-403d-bfe6-9871f561fc2a,2025-02-10 11:29:00,US,sales,verified,2025-02-23 03:29:00,true
2764d01e-a49d-4d2c-9cc3-2c0f36061e09,2024-11-01 03:14:00,GB,sales,verified,2024-11-05 12:14:00,false
4eea8c93-fd09-4a4f-9d06-e6ade370584d,2024-12-13 20:20:00,DE,organic,verified,2024-12-28 12:20:00,false
8e8ba7c3-0f4e-4b59-a1b7-dd64bb1f6270,2025-02-10 14:48:00,US,organic,verified,2025-02-14 08:48:00,false
9fc9fecc-2f06-49d0-ae30-177075360b5c,2024-07-31 13:44:00,GB,affiliate,verified,2024-08-04 03:44:00,true
d17e3165-f4ee-446c-845c-cbd4b74db9e0,2024-02-22 04:39:00,US,referral,verified,2024-02-25 14:39:00,true
c5c32b29-4382-4dd6-8a4c-380cc862356d,2024-04-01 10:45:00,CA,sales,verified,2024-04-07 13:45:00,false
d38e656e-e9dd-461e-a6b0-6c26ce1d57a9,2024-12-20 12:13:00,GB,paid_search,verified,2024-12-26 08:13:00,false
2e9eb522-2d51-4519-be12-5724d1cd003a,2024-11-09 06:02:00,FR,organic,verified,2024-11-19 23:02:00,false
620787c9-b1c9-48aa-8c75-df2e3672a961,2024-06-03 19:26:00,US,affiliate,verified,2024-06-08 21:26:00,false
8a5d9593-fdc6-4e6a-8409-a6f85b139948,2024-11-12 19:55:00,GB,referral,verified,2024-11-24 09:55:00,false
c911dc15-80b8-48f9-af14-71981e9f7d27,2024-04-16 16:03:00,AU,affiliate,verified,2024-04-19 22:03:00,false
09455572-5853-4785-b5aa-031e48518326,2024-03-31 13:42:00,US,paid_search,pending,\N,false
421da16e-4d53-4e08-b835-95ca93a8ee72,2024-05-08 18:39:00,SG,organic,pending,\N,false
dd76775a-f724-4d48-96da-4596164180d2,2024-10-02 13:10:00,GB,organic,pending,\N,false
e5447737-d31d-462b-8c63-85b94c8a4ff6,2025-01-04 22:37:00,US,partner,verified,2025-01-13 22:37:00,false
f5a1af3b-ea29-438b-a80d-863e697d4ffa,2025-02-02 11:20:00,AU,sales,verified,2025-02-07 14:20:00,false
